sample	fq1	fq2	org	orient	kit	adapter	layout	length_min_1	length_max_1	length_2	pred_org	pred_orient	pred_adapter	pred_length_min_1	pred_length_max_1	pred_length_min_2	pred_length_max_2
12_mRNAseq_E14_Rpl39lKO_C2.8_rep3	/scicore/projects/openbis/userstore/biozentrum_zavolan/20220214122613401-60846242/BSSE_QGF_198849_HYJ5FDRXY_2_12_mRNAseq_E14_Rpl39lKO_C2_8_rep3_GGAGCGTC_GTCCGTGC_S12_L002_R1_001_MM_1.fastq.gz		mmusculus	SR	TRUSEQ_STRANDED_MRNA_ILLUMINA_HT	AGATCGGAAGAG	SE		101								
P434_NT	/scicore/projects/openbis/userstore/biozentrum_zavolan/20230411091045897-60934954/BSSE_QGF_232638_H277JDSX7_2_P434_NT_TAAGTGGT_CTTAAGCC_S36_L002_R1_001_MM_1.fastq.gz	/scicore/projects/openbis/userstore/biozentrum_zavolan/20230411091045897-60934954/BSSE_QGF_232638_H277JDSX7_2_P434_NT_TAAGTGGT_CTTAAGCC_S36_L002_R2_001_MM_1.fastq.gz	hsapiens	ISR	TRUSEQ_STRANDED_RNA_RIBOZERO_GOLD_ILLUMINA_HT	AGATCGGAAGAG	PE		101	101							
P160_NT	/scicore/projects/openbis/userstore/biozentrum_zavolan/20230411085602552-60934924/BSSE_QGF_232616_H277JDSX7_2_P160_NT_GGCTTAAG_TCGTGACC_S14_L002_R1_001_MM_1.fastq.gz	/scicore/projects/openbis/userstore/biozentrum_zavolan/20230411085602552-60934924/BSSE_QGF_232616_H277JDSX7_2_P160_NT_GGCTTAAG_TCGTGACC_S14_L002_R2_001_MM_1.fastq.gz	hsapiens	ISR	TRUSEQ_STRANDED_RNA_RIBOZERO_GOLD_ILLUMINA_HT	AGATCGGAAGAG	PE		101	101							
P406_HCC	/scicore/projects/openbis/userstore/biozentrum_zavolan/20230411091021396-60934953/BSSE_QGF_232637_H277JDSX7_2_P406_HCC_CTACGACA_GAGTCCAA_S35_L002_R1_001_MM_1.fastq.gz	/scicore/projects/openbis/userstore/biozentrum_zavolan/20230411091021396-60934953/BSSE_QGF_232637_H277JDSX7_2_P406_HCC_CTACGACA_GAGTCCAA_S35_L002_R2_001_MM_1.fastq.gz	hsapiens	ISR	TRUSEQ_STRANDED_RNA_RIBOZERO_GOLD_ILLUMINA_HT	AGATCGGAAGAG	PE		101	101							
18_mRNAseq_E14_Rpl39lKO_C2.11_rep3	/scicore/projects/openbis/userstore/biozentrum_zavolan/20220214122819718-60846254/BSSE_QGF_198855_HYJ5FDRXY_1_18_mRNAseq_E14_Rpl39lKO_C2_11_rep3_GCGCTCTA_GCTCCGAC_S18_L001_R1_001_MM_1.fastq.gz		mmusculus	SR	TRUSEQ_STRANDED_MRNA_ILLUMINA_HT	AGATCGGAAGAG	SE		101								
17_mRNAseq_E14_Rpl39lKO_C2.11_rep2	/scicore/projects/openbis/userstore/biozentrum_zavolan/20220214122808890-60846253/BSSE_QGF_198854_HYJ5FDRXY_2_17_mRNAseq_E14_Rpl39lKO_C2_11_rep2_ATATCTCG_ATCTTAGT_S17_L002_R1_001_MM_1.fastq.gz		mmusculus	SR	TRUSEQ_STRANDED_MRNA_ILLUMINA_HT	AGATCGGAAGAG	SE		101								
12_mRNAseq_E14_Rpl39lKO_C2.8_rep3	/scicore/projects/openbis/userstore/biozentrum_zavolan/20220214122623866-60846243/BSSE_QGF_198849_HYJ5FDRXY_1_12_mRNAseq_E14_Rpl39lKO_C2_8_rep3_GGAGCGTC_GTCCGTGC_S12_L001_R1_001_MM_1.fastq.gz		mmusculus	SR	TRUSEQ_STRANDED_MRNA_ILLUMINA_HT	AGATCGGAAGAG	SE		101								
P30_HCC	/scicore/projects/openbis/userstore/biozentrum_zavolan/20230411084858078-60934913/BSSE_QGF_232608_H277JDSX7_2_P30_HCC_GCTTGTCA_GAACATAC_S6_L002_R1_001_MM_1.fastq.gz	/scicore/projects/openbis/userstore/biozentrum_zavolan/20230411084858078-60934913/BSSE_QGF_232608_H277JDSX7_2_P30_HCC_GCTTGTCA_GAACATAC_S6_L002_R2_001_MM_1.fastq.gz	hsapiens	ISR	TRUSEQ_STRANDED_RNA_RIBOZERO_GOLD_ILLUMINA_HT	AGATCGGAAGAG	PE		101	101							
4_mRNAseq_E14_Rpl39lKO_C1.17_rep1	/scicore/projects/openbis/userstore/biozentrum_zavolan/20220214122326452-60846226/BSSE_QGF_198841_HYJ5FDRXY_2_4_mRNAseq_E14_Rpl39lKO_C1_17_rep1_GATTCTGC_GACGAGAG_S4_L002_R1_001_MM_1.fastq.gz		mmusculus	SR	TRUSEQ_STRANDED_MRNA_ILLUMINA_HT	AGATCGGAAGAG	SE		101								
P282_HCC_B	/scicore/projects/openbis/userstore/biozentrum_zavolan/20230411091320839-60934960/BSSE_QGF_232643_H277JDSX7_2_P282_HCC_B_ATGGCATG_AAGGTACC_S41_L002_R1_001_MM_1.fastq.gz	/scicore/projects/openbis/userstore/biozentrum_zavolan/20230411091320839-60934960/BSSE_QGF_232643_H277JDSX7_2_P282_HCC_B_ATGGCATG_AAGGTACC_S41_L002_R2_001_MM_1.fastq.gz	hsapiens	ISR	TRUSEQ_STRANDED_RNA_RIBOZERO_GOLD_ILLUMINA_HT	AGATCGGAAGAG	PE		101	101							
P375_NT	/scicore/projects/openbis/userstore/biozentrum_zavolan/20230411090529674-60934942/BSSE_QGF_232629_H277JDSX7_2_P375_NT_CCGTGAAG_CAGTGGAT_S27_L002_R1_001_MM_1.fastq.gz	/scicore/projects/openbis/userstore/biozentrum_zavolan/20230411090529674-60934942/BSSE_QGF_232629_H277JDSX7_2_P375_NT_CCGTGAAG_CAGTGGAT_S27_L002_R2_001_MM_1.fastq.gz	hsapiens	ISR	TRUSEQ_STRANDED_RNA_RIBOZERO_GOLD_ILLUMINA_HT	AGATCGGAAGAG	PE		101	101							
P380_NT	/scicore/projects/openbis/userstore/biozentrum_zavolan/20230411090702921-60934946/BSSE_QGF_232632_H277JDSX7_2_P380_NT_TACCGAGG_CCTGAACT_S30_L002_R1_001_MM_1.fastq.gz	/scicore/projects/openbis/userstore/biozentrum_zavolan/20230411090702921-60934946/BSSE_QGF_232632_H277JDSX7_2_P380_NT_TACCGAGG_CCTGAACT_S30_L002_R2_001_MM_1.fastq.gz	hsapiens	ISR	TRUSEQ_STRANDED_RNA_RIBOZERO_GOLD_ILLUMINA_HT	AGATCGGAAGAG	PE		101	101							
P296_HCC	/scicore/projects/openbis/userstore/biozentrum_zavolan/20230411090326968-60934938/BSSE_QGF_232626_H277JDSX7_2_P296_HCC_GTCGGAGC_GGTTATAA_S24_L002_R1_001_MM_1.fastq.gz	/scicore/projects/openbis/userstore/biozentrum_zavolan/20230411090326968-60934938/BSSE_QGF_232626_H277JDSX7_2_P296_HCC_GTCGGAGC_GGTTATAA_S24_L002_R2_001_MM_1.fastq.gz	hsapiens	ISR	TRUSEQ_STRANDED_RNA_RIBOZERO_GOLD_ILLUMINA_HT	AGATCGGAAGAG	PE		101	101							
1_mRNAseq_E14_rep1	/scicore/projects/openbis/userstore/biozentrum_zavolan/20220214122220246-60846220/BSSE_QGF_198838_HYJ5FDRXY_1_1_mRNAseq_E14_rep1_TACCGAGG_CCTGAACT_S1_L001_R1_001_MM_1.fastq.gz		mmusculus	SR	TRUSEQ_STRANDED_MRNA_ILLUMINA_HT	AGATCGGAAGAG	SE		101								
8_mRNAseq_E14_Rpl39lKO_C1.20_rep2	/scicore/projects/openbis/userstore/biozentrum_zavolan/20220214122453920-60846235/BSSE_QGF_198845_HYJ5FDRXY_1_8_mRNAseq_E14_Rpl39lKO_C1_20_rep2_CGGACAAC_TCCGGATT_S8_L001_R1_001_MM_1.fastq.gz		mmusculus	SR	TRUSEQ_STRANDED_MRNA_ILLUMINA_HT	AGATCGGAAGAG	SE		101								
10_mRNAseq_E14_Rpl39lKO_C2.8_rep1	/scicore/projects/openbis/userstore/biozentrum_zavolan/20220214122537666-60846239/BSSE_QGF_198847_HYJ5FDRXY_2_10_mRNAseq_E14_Rpl39lKO_C2_8_rep1_GCGCAAGC_TCACGCCG_S10_L002_R1_001_MM_1.fastq.gz		mmusculus	SR	TRUSEQ_STRANDED_MRNA_ILLUMINA_HT	AGATCGGAAGAG	SE		101								
P380_NT_old	/scicore/projects/openbis/userstore/biozentrum_zavolan/20230411092037856-60934975/BSSE_QGF_232654_H277JDSX7_2_P380_NT_old_GAATGAGA_GAGGCATT_S52_L002_R1_001_MM_1.fastq.gz	/scicore/projects/openbis/userstore/biozentrum_zavolan/20230411092037856-60934975/BSSE_QGF_232654_H277JDSX7_2_P380_NT_old_GAATGAGA_GAGGCATT_S52_L002_R2_001_MM_1.fastq.gz	hsapiens	ISR	TRUSEQ_STRANDED_RNA_RIBOZERO_GOLD_ILLUMINA_HT	AGATCGGAAGAG	PE		101	101							
HepG2_DMSO_HP39	/scicore/projects/openbis/userstore/biozentrum_zavolan/20230411092530495-60934984/BSSE_QGF_232660_H277JDSX7_2_HepG2_DMSO_HP39_TAAGGTCA_TGTCGTAG_S58_L002_R1_001_MM_1.fastq.gz	/scicore/projects/openbis/userstore/biozentrum_zavolan/20230411092530495-60934984/BSSE_QGF_232660_H277JDSX7_2_HepG2_DMSO_HP39_TAAGGTCA_TGTCGTAG_S58_L002_R2_001_MM_1.fastq.gz	hsapiens	ISR	TRUSEQ_STRANDED_RNA_RIBOZERO_GOLD_ILLUMINA_HT	AGATCGGAAGAG	PE		101	101							
P174_NT	/scicore/projects/openbis/userstore/biozentrum_zavolan/20230411085947652-60934931/BSSE_QGF_232621_H277JDSX7_2_P174_NT_GGTACCTT_AAGACGTC_S19_L002_R1_001_MM_1.fastq.gz	/scicore/projects/openbis/userstore/biozentrum_zavolan/20230411085947652-60934931/BSSE_QGF_232621_H277JDSX7_2_P174_NT_GGTACCTT_AAGACGTC_S19_L002_R2_001_MM_1.fastq.gz	hsapiens	ISR	TRUSEQ_STRANDED_RNA_RIBOZERO_GOLD_ILLUMINA_HT	AGATCGGAAGAG	PE		101	101							
P167_HCC	/scicore/projects/openbis/userstore/biozentrum_zavolan/20230411085727140-60934927/BSSE_QGF_232618_H277JDSX7_2_P167_HCC_CGGCGTGA_GCGCCTGT_S16_L002_R1_001_MM_1.fastq.gz	/scicore/projects/openbis/userstore/biozentrum_zavolan/20230411085727140-60934927/BSSE_QGF_232618_H277JDSX7_2_P167_HCC_CGGCGTGA_GCGCCTGT_S16_L002_R2_001_MM_1.fastq.gz	hsapiens	ISR	TRUSEQ_STRANDED_RNA_RIBOZERO_GOLD_ILLUMINA_HT	AGATCGGAAGAG	PE		101	101							
14_mRNAseq_E14_Rpl39lKO_C2.9_rep2	/scicore/projects/openbis/userstore/biozentrum_zavolan/20220214122657034-60846246/BSSE_QGF_198851_HYJ5FDRXY_1_14_mRNAseq_E14_Rpl39lKO_C2_9_rep2_GCAATGCA_GGAACGTT_S14_L001_R1_001_MM_1.fastq.gz		mmusculus	SR	TRUSEQ_STRANDED_MRNA_ILLUMINA_HT	AGATCGGAAGAG	SE		101								
P282_HCC_A	/scicore/projects/openbis/userstore/biozentrum_zavolan/20230411091304887-60934959/BSSE_QGF_232642_H277JDSX7_2_P282_HCC_A_GGAGCGTC_GTCCGTGC_S40_L002_R1_001_MM_1.fastq.gz	/scicore/projects/openbis/userstore/biozentrum_zavolan/20230411091304887-60934959/BSSE_QGF_232642_H277JDSX7_2_P282_HCC_A_GGAGCGTC_GTCCGTGC_S40_L002_R2_001_MM_1.fastq.gz	hsapiens	ISR	TRUSEQ_STRANDED_RNA_RIBOZERO_GOLD_ILLUMINA_HT	AGATCGGAAGAG	PE		101	101							
P296_NT	/scicore/projects/openbis/userstore/biozentrum_zavolan/20230411090211883-60934936/BSSE_QGF_232625_H277JDSX7_2_P296_NT_ACTAAGAT_AACCGCGG_S23_L002_R1_001_MM_1.fastq.gz	/scicore/projects/openbis/userstore/biozentrum_zavolan/20230411090211883-60934936/BSSE_QGF_232625_H277JDSX7_2_P296_NT_ACTAAGAT_AACCGCGG_S23_L002_R2_001_MM_1.fastq.gz	hsapiens	ISR	TRUSEQ_STRANDED_RNA_RIBOZERO_GOLD_ILLUMINA_HT	AGATCGGAAGAG	PE		101	101							
P95_HCC	/scicore/projects/openbis/userstore/biozentrum_zavolan/20230411085437210-60934921/BSSE_QGF_232614_H277JDSX7_2_P95_HCC_CTCTCGTC_TATAACCT_S12_L002_R1_001_MM_1.fastq.gz	/scicore/projects/openbis/userstore/biozentrum_zavolan/20230411085437210-60934921/BSSE_QGF_232614_H277JDSX7_2_P95_HCC_CTCTCGTC_TATAACCT_S12_L002_R2_001_MM_1.fastq.gz	hsapiens	ISR	TRUSEQ_STRANDED_RNA_RIBOZERO_GOLD_ILLUMINA_HT	AGATCGGAAGAG	PE		101	101							
P402_Normal	/scicore/projects/openbis/userstore/biozentrum_zavolan/20230411091831389-60934970/BSSE_QGF_232650_H277JDSX7_2_P402_Normal_GGTGAACC_GCGTTGGA_S48_L002_R1_001_MM_1.fastq.gz	/scicore/projects/openbis/userstore/biozentrum_zavolan/20230411091831389-60934970/BSSE_QGF_232650_H277JDSX7_2_P402_Normal_GGTGAACC_GCGTTGGA_S48_L002_R2_001_MM_1.fastq.gz	hsapiens	ISR	TRUSEQ_STRANDED_RNA_RIBOZERO_GOLD_ILLUMINA_HT	AGATCGGAAGAG	PE		101	101							
P32_HCC	/scicore/projects/openbis/userstore/biozentrum_zavolan/20230411085031614-60934916/BSSE_QGF_232610_H277JDSX7_2_P32_HCC_TGGATCGA_GTGCGATA_S8_L002_R1_001_MM_1.fastq.gz	/scicore/projects/openbis/userstore/biozentrum_zavolan/20230411085031614-60934916/BSSE_QGF_232610_H277JDSX7_2_P32_HCC_TGGATCGA_GTGCGATA_S8_L002_R2_001_MM_1.fastq.gz	hsapiens	ISR	TRUSEQ_STRANDED_RNA_RIBOZERO_GOLD_ILLUMINA_HT	AGATCGGAAGAG	PE		101	101							
11_mRNAseq_E14_Rpl39lKO_C2.8_rep2	/scicore/projects/openbis/userstore/biozentrum_zavolan/20220214122600913-60846241/BSSE_QGF_198848_HYJ5FDRXY_2_11_mRNAseq_E14_Rpl39lKO_C2_8_rep2_AAGATACT_ACTTACAT_S11_L002_R1_001_MM_1.fastq.gz		mmusculus	SR	TRUSEQ_STRANDED_MRNA_ILLUMINA_HT	AGATCGGAAGAG	SE		101								
15_mRNAseq_E14_Rpl39lKO_C2.9_rep3	/scicore/projects/openbis/userstore/biozentrum_zavolan/20220214122729543-60846249/BSSE_QGF_198852_HYJ5FDRXY_2_15_mRNAseq_E14_Rpl39lKO_C2_9_rep3_GTTCCAAT_AATTCTGC_S15_L002_R1_001_MM_1.fastq.gz		mmusculus	SR	TRUSEQ_STRANDED_MRNA_ILLUMINA_HT	AGATCGGAAGAG	SE		101								
9_mRNAseq_E14_Rpl39lKO_C1.20_rep3	/scicore/projects/openbis/userstore/biozentrum_zavolan/20220214122502057-60846236/BSSE_QGF_198846_HYJ5FDRXY_2_9_mRNAseq_E14_Rpl39lKO_C1_20_rep3_ATATGGAT_CTGTATTA_S9_L002_R1_001_MM_1.fastq.gz		mmusculus	SR	TRUSEQ_STRANDED_MRNA_ILLUMINA_HT	AGATCGGAAGAG	SE		101								
7_mRNAseq_E14_Rpl39lKO_C1.20_rep1	/scicore/projects/openbis/userstore/biozentrum_zavolan/20220214122434651-60846233/BSSE_QGF_198844_HYJ5FDRXY_1_7_mRNAseq_E14_Rpl39lKO_C1_20_rep1_TAAGTGGT_CTTAAGCC_S7_L001_R1_001_MM_1.fastq.gz		mmusculus	SR	TRUSEQ_STRANDED_MRNA_ILLUMINA_HT	AGATCGGAAGAG	SE		101								
P380_HCC	/scicore/projects/openbis/userstore/biozentrum_zavolan/20230411090719689-60934947/BSSE_QGF_232633_H277JDSX7_2_P380_HCC_CGTTAGAA_TTCAGGTC_S31_L002_R1_001_MM_1.fastq.gz	/scicore/projects/openbis/userstore/biozentrum_zavolan/20230411090719689-60934947/BSSE_QGF_232633_H277JDSX7_2_P380_HCC_CGTTAGAA_TTCAGGTC_S31_L002_R2_001_MM_1.fastq.gz	hsapiens	ISR	TRUSEQ_STRANDED_RNA_RIBOZERO_GOLD_ILLUMINA_HT	AGATCGGAAGAG	PE		101	101							
16_mRNAseq_E14_Rpl39lKO_C2.11_rep1	/scicore/projects/openbis/userstore/biozentrum_zavolan/20220214122750168-60846251/BSSE_QGF_198853_HYJ5FDRXY_2_16_mRNAseq_E14_Rpl39lKO_C2_11_rep1_ACCTTGGC_GGCCTCAT_S16_L002_R1_001_MM_1.fastq.gz		mmusculus	SR	TRUSEQ_STRANDED_MRNA_ILLUMINA_HT	AGATCGGAAGAG	SE		101								
P347_NT	/scicore/projects/openbis/userstore/biozentrum_zavolan/20230411090350908-60934939/BSSE_QGF_232627_H277JDSX7_2_P347_NT_CTTGGTAT_CCAAGTCC_S25_L002_R1_001_MM_1.fastq.gz	/scicore/projects/openbis/userstore/biozentrum_zavolan/20230411090350908-60934939/BSSE_QGF_232627_H277JDSX7_2_P347_NT_CTTGGTAT_CCAAGTCC_S25_L002_R2_001_MM_1.fastq.gz	hsapiens	ISR	TRUSEQ_STRANDED_RNA_RIBOZERO_GOLD_ILLUMINA_HT	AGATCGGAAGAG	PE		101	101							
P275_NT	/scicore/projects/openbis/userstore/biozentrum_zavolan/20230411092002076-60934973/BSSE_QGF_232652_H277JDSX7_2_P275_NT_TGGTGGCA_TCCTGTAA_S50_L002_R1_001_MM_1.fastq.gz	/scicore/projects/openbis/userstore/biozentrum_zavolan/20230411092002076-60934973/BSSE_QGF_232652_H277JDSX7_2_P275_NT_TGGTGGCA_TCCTGTAA_S50_L002_R2_001_MM_1.fastq.gz	hsapiens	ISR	TRUSEQ_STRANDED_RNA_RIBOZERO_GOLD_ILLUMINA_HT	AGATCGGAAGAG	PE		101	101							
P269_Normal	/scicore/projects/openbis/userstore/biozentrum_zavolan/20230411092346275-60934981/BSSE_QGF_232658_H277JDSX7_2_P269_Normal_AGCTCGCT_GCAGAATC_S56_L002_R1_001_MM_1.fastq.gz	/scicore/projects/openbis/userstore/biozentrum_zavolan/20230411092346275-60934981/BSSE_QGF_232658_H277JDSX7_2_P269_Normal_AGCTCGCT_GCAGAATC_S56_L002_R2_001_MM_1.fastq.gz	hsapiens	ISR	TRUSEQ_STRANDED_RNA_RIBOZERO_GOLD_ILLUMINA_HT	AGATCGGAAGAG	PE		101	101							
P174_HCC	/scicore/projects/openbis/userstore/biozentrum_zavolan/20230411090007279-60934932/BSSE_QGF_232622_H277JDSX7_2_P174_HCC_AACGTTCC_GGAGTACT_S20_L002_R1_001_MM_1.fastq.gz	/scicore/projects/openbis/userstore/biozentrum_zavolan/20230411090007279-60934932/BSSE_QGF_232622_H277JDSX7_2_P174_HCC_AACGTTCC_GGAGTACT_S20_L002_R2_001_MM_1.fastq.gz	hsapiens	ISR	TRUSEQ_STRANDED_RNA_RIBOZERO_GOLD_ILLUMINA_HT	AGATCGGAAGAG	PE		101	101							
P282_HCC_D	/scicore/projects/openbis/userstore/biozentrum_zavolan/20230411091427021-60934962/BSSE_QGF_232644_H277JDSX7_2_P282_HCC_D_GCAATGCA_GGAACGTT_S42_L002_R1_001_MM_1.fastq.gz	/scicore/projects/openbis/userstore/biozentrum_zavolan/20230411091427021-60934962/BSSE_QGF_232644_H277JDSX7_2_P282_HCC_D_GCAATGCA_GGAACGTT_S42_L002_R2_001_MM_1.fastq.gz	hsapiens	ISR	TRUSEQ_STRANDED_RNA_RIBOZERO_GOLD_ILLUMINA_HT	AGATCGGAAGAG	PE		101	101							
5_mRNAseq_E14_Rpl39lKO_C1.17_rep2	/scicore/projects/openbis/userstore/biozentrum_zavolan/20220214122356511-60846229/BSSE_QGF_198842_HYJ5FDRXY_1_5_mRNAseq_E14_Rpl39lKO_C1_17_rep2_TCGTAGTG_AGACTTGG_S5_L001_R1_001_MM_1.fastq.gz		mmusculus	SR	TRUSEQ_STRANDED_MRNA_ILLUMINA_HT	AGATCGGAAGAG	SE		101								
P128_Normal	/scicore/projects/openbis/userstore/biozentrum_zavolan/20230411092326221-60934980/BSSE_QGF_232657_H277JDSX7_2_P128_Normal_GATCTATC_ATGAGGCT_S55_L002_R1_001_MM_1.fastq.gz	/scicore/projects/openbis/userstore/biozentrum_zavolan/20230411092326221-60934980/BSSE_QGF_232657_H277JDSX7_2_P128_Normal_GATCTATC_ATGAGGCT_S55_L002_R2_001_MM_1.fastq.gz	hsapiens	ISR	TRUSEQ_STRANDED_RNA_RIBOZERO_GOLD_ILLUMINA_HT	AGATCGGAAGAG	PE		101	101							
P398_NT	/scicore/projects/openbis/userstore/biozentrum_zavolan/20230411090829239-60934949/BSSE_QGF_232634_H277JDSX7_2_P398_NT_AGCCTCAT_AGTAGAGA_S32_L002_R1_001_MM_1.fastq.gz	/scicore/projects/openbis/userstore/biozentrum_zavolan/20230411090829239-60934949/BSSE_QGF_232634_H277JDSX7_2_P398_NT_AGCCTCAT_AGTAGAGA_S32_L002_R2_001_MM_1.fastq.gz	hsapiens	ISR	TRUSEQ_STRANDED_RNA_RIBOZERO_GOLD_ILLUMINA_HT	AGATCGGAAGAG	PE		101	101							
P170_NT	/scicore/projects/openbis/userstore/biozentrum_zavolan/20230411085743064-60934928/BSSE_QGF_232619_H277JDSX7_2_P170_NT_ATGTAAGT_ACTCTATG_S17_L002_R1_001_MM_1.fastq.gz	/scicore/projects/openbis/userstore/biozentrum_zavolan/20230411085743064-60934928/BSSE_QGF_232619_H277JDSX7_2_P170_NT_ATGTAAGT_ACTCTATG_S17_L002_R2_001_MM_1.fastq.gz	hsapiens	ISR	TRUSEQ_STRANDED_RNA_RIBOZERO_GOLD_ILLUMINA_HT	AGATCGGAAGAG	PE		101	101							
6_mRNAseq_E14_Rpl39lKO_C1.17_rep3	/scicore/projects/openbis/userstore/biozentrum_zavolan/20220214122417431-60846231/BSSE_QGF_198843_HYJ5FDRXY_1_6_mRNAseq_E14_Rpl39lKO_C1_17_rep3_CTACGACA_GAGTCCAA_S6_L001_R1_001_MM_1.fastq.gz		mmusculus	SR	TRUSEQ_STRANDED_MRNA_ILLUMINA_HT	AGATCGGAAGAG	SE		101								
7_mRNAseq_E14_Rpl39lKO_C1.20_rep1	/scicore/projects/openbis/userstore/biozentrum_zavolan/20220214122426278-60846232/BSSE_QGF_198844_HYJ5FDRXY_2_7_mRNAseq_E14_Rpl39lKO_C1_20_rep1_TAAGTGGT_CTTAAGCC_S7_L002_R1_001_MM_1.fastq.gz		mmusculus	SR	TRUSEQ_STRANDED_MRNA_ILLUMINA_HT	AGATCGGAAGAG	SE		101								
P379_NT	/scicore/projects/openbis/userstore/biozentrum_zavolan/20230411090547623-60934943/BSSE_QGF_232630_H277JDSX7_2_P379_NT_GGCATTCT_CTAGCTTG_S28_L002_R1_001_MM_1.fastq.gz	/scicore/projects/openbis/userstore/biozentrum_zavolan/20230411090547623-60934943/BSSE_QGF_232630_H277JDSX7_2_P379_NT_GGCATTCT_CTAGCTTG_S28_L002_R2_001_MM_1.fastq.gz	hsapiens	ISR	TRUSEQ_STRANDED_RNA_RIBOZERO_GOLD_ILLUMINA_HT	AGATCGGAAGAG	PE		101	101							
Pool_P1806_Nitish_RNA	/scicore/projects/openbis/userstore/biozentrum_zavolan/20220214122849372-60846257/HYJ5FDRXY_Undetermined_S0_L002_R1_001_MM_1.fastq.gz		mmusculus	SR	TRUSEQ_STRANDED_MRNA_ILLUMINA_HT	AGATCGGAAGAG	SE		101								
P30_NT	/scicore/projects/openbis/userstore/biozentrum_zavolan/20230411084838092-60934912/BSSE_QGF_232607_H277JDSX7_2_P30_NT_ATCCACTG_AGGTGCGT_S5_L002_R1_001_MM_1.fastq.gz	/scicore/projects/openbis/userstore/biozentrum_zavolan/20230411084838092-60934912/BSSE_QGF_232607_H277JDSX7_2_P30_NT_ATCCACTG_AGGTGCGT_S5_L002_R2_001_MM_1.fastq.gz	hsapiens	ISR	TRUSEQ_STRANDED_RNA_RIBOZERO_GOLD_ILLUMINA_HT	AGATCGGAAGAG	PE		101	101							
P158_NT	/scicore/projects/openbis/userstore/biozentrum_zavolan/20230411085543434-60934923/BSSE_QGF_232615_H277JDSX7_2_P158_NT_CCAAGTCT_AAGGATGA_S13_L002_R1_001_MM_1.fastq.gz	/scicore/projects/openbis/userstore/biozentrum_zavolan/20230411085543434-60934923/BSSE_QGF_232615_H277JDSX7_2_P158_NT_CCAAGTCT_AAGGATGA_S13_L002_R2_001_MM_1.fastq.gz	hsapiens	ISR	TRUSEQ_STRANDED_RNA_RIBOZERO_GOLD_ILLUMINA_HT	AGATCGGAAGAG	PE		101	101							
6_mRNAseq_E14_Rpl39lKO_C1.17_rep3	/scicore/projects/openbis/userstore/biozentrum_zavolan/20220214122406583-60846230/BSSE_QGF_198843_HYJ5FDRXY_2_6_mRNAseq_E14_Rpl39lKO_C1_17_rep3_CTACGACA_GAGTCCAA_S6_L002_R1_001_MM_1.fastq.gz		mmusculus	SR	TRUSEQ_STRANDED_MRNA_ILLUMINA_HT	AGATCGGAAGAG	SE		101								
16_mRNAseq_E14_Rpl39lKO_C2.11_rep1	/scicore/projects/openbis/userstore/biozentrum_zavolan/20220214122740976-60846250/BSSE_QGF_198853_HYJ5FDRXY_1_16_mRNAseq_E14_Rpl39lKO_C2_11_rep1_ACCTTGGC_GGCCTCAT_S16_L001_R1_001_MM_1.fastq.gz		mmusculus	SR	TRUSEQ_STRANDED_MRNA_ILLUMINA_HT	AGATCGGAAGAG	SE		101								
P437_NT	/scicore/projects/openbis/userstore/biozentrum_zavolan/20230411091100167-60934955/BSSE_QGF_232639_H277JDSX7_2_P437_NT_ATATGGAT_CTGTATTA_S37_L002_R1_001_MM_1.fastq.gz	/scicore/projects/openbis/userstore/biozentrum_zavolan/20230411091100167-60934955/BSSE_QGF_232639_H277JDSX7_2_P437_NT_ATATGGAT_CTGTATTA_S37_L002_R2_001_MM_1.fastq.gz	hsapiens	ISR	TRUSEQ_STRANDED_RNA_RIBOZERO_GOLD_ILLUMINA_HT	AGATCGGAAGAG	PE		101	101							
YE217_WT_Th17	/scicore/projects/openbis/userstore/biozentrum_zavolan/20230411092645347-60934987/BSSE_QGF_232663_H277JDSX7_2_YE217_WT_Th17_ACACTAAG_ATCCATAT_S61_L002_R1_001_MM_1.fastq.gz	/scicore/projects/openbis/userstore/biozentrum_zavolan/20230411092645347-60934987/BSSE_QGF_232663_H277JDSX7_2_YE217_WT_Th17_ACACTAAG_ATCCATAT_S61_L002_R2_001_MM_1.fastq.gz	mmusculus	ISR	TRUSEQ_STRANDED_RNA_RIBOZERO_GOLD_ILLUMINA_HT	AGATCGGAAGAG	PE		101	101							
HepG2_CHX_HP40	/scicore/projects/openbis/userstore/biozentrum_zavolan/20230411092621962-60934986/BSSE_QGF_232662_H277JDSX7_2_HepG2_CHX_HP40_CCATTCGA_GTTGTCCG_S60_L002_R1_001_MM_1.fastq.gz	/scicore/projects/openbis/userstore/biozentrum_zavolan/20230411092621962-60934986/BSSE_QGF_232662_H277JDSX7_2_HepG2_CHX_HP40_CCATTCGA_GTTGTCCG_S60_L002_R2_001_MM_1.fastq.gz	hsapiens	ISR	TRUSEQ_STRANDED_RNA_RIBOZERO_GOLD_ILLUMINA_HT	AGATCGGAAGAG	PE		101	101							
Pool P2276_Asier_Yusuf	/scicore/projects/openbis/userstore/biozentrum_zavolan/20230411092732735-60934989/H277JDSX7_Undetermined_S0_L002_R1_001_MM_1.fastq.gz	/scicore/projects/openbis/userstore/biozentrum_zavolan/20230411092732735-60934989/H277JDSX7_Undetermined_S0_L002_R2_001_MM_1.fastq.gz	hsapiens	ISR	TRUSEQ_STRANDED_RNA_RIBOZERO_GOLD_ILLUMINA_HT	AGATCGGAAGAG	PE		101	101							
P34_HCC	/scicore/projects/openbis/userstore/biozentrum_zavolan/20230411091447875-60934963/BSSE_QGF_232645_H277JDSX7_2_P34_HCC_GTTCCAAT_AATTCTGC_S43_L002_R1_001_MM_1.fastq.gz	/scicore/projects/openbis/userstore/biozentrum_zavolan/20230411091447875-60934963/BSSE_QGF_232645_H277JDSX7_2_P34_HCC_GTTCCAAT_AATTCTGC_S43_L002_R2_001_MM_1.fastq.gz	hsapiens	ISR	TRUSEQ_STRANDED_RNA_RIBOZERO_GOLD_ILLUMINA_HT	AGATCGGAAGAG	PE		101	101							
P405_Normal	/scicore/projects/openbis/userstore/biozentrum_zavolan/20230411091844812-60934971/BSSE_QGF_232651_H277JDSX7_2_P405_Normal_CAACAATG_CTTCACGG_S49_L002_R1_001_MM_1.fastq.gz	/scicore/projects/openbis/userstore/biozentrum_zavolan/20230411091844812-60934971/BSSE_QGF_232651_H277JDSX7_2_P405_Normal_CAACAATG_CTTCACGG_S49_L002_R2_001_MM_1.fastq.gz	hsapiens	ISR	TRUSEQ_STRANDED_RNA_RIBOZERO_GOLD_ILLUMINA_HT	AGATCGGAAGAG	PE		101	101							
Pool_P1806_Nitish_RNA	/scicore/projects/openbis/userstore/biozentrum_zavolan/20220214122838939-60846256/HYJ5FDRXY_Undetermined_S0_L001_R1_001_MM_1.fastq.gz		mmusculus	SR	TRUSEQ_STRANDED_MRNA_ILLUMINA_HT	AGATCGGAAGAG	SE		101								
P369_NT	/scicore/projects/openbis/userstore/biozentrum_zavolan/20230411091515548-60934964/BSSE_QGF_232646_H277JDSX7_2_P369_NT_ACCTTGGC_GGCCTCAT_S44_L002_R1_001_MM_1.fastq.gz	/scicore/projects/openbis/userstore/biozentrum_zavolan/20230411091515548-60934964/BSSE_QGF_232646_H277JDSX7_2_P369_NT_ACCTTGGC_GGCCTCAT_S44_L002_R2_001_MM_1.fastq.gz	hsapiens	ISR	TRUSEQ_STRANDED_RNA_RIBOZERO_GOLD_ILLUMINA_HT	AGATCGGAAGAG	PE		101	101							
HepG2_DMSO_HP33	/scicore/projects/openbis/userstore/biozentrum_zavolan/20230411092400603-60934982/BSSE_QGF_232659_H277JDSX7_2_HepG2_DMSO_HP33_CGGAACTG_CACTACGA_S57_L002_R1_001_MM_1.fastq.gz	/scicore/projects/openbis/userstore/biozentrum_zavolan/20230411092400603-60934982/BSSE_QGF_232659_H277JDSX7_2_HepG2_DMSO_HP33_CGGAACTG_CACTACGA_S57_L002_R2_001_MM_1.fastq.gz	hsapiens	ISR	TRUSEQ_STRANDED_RNA_RIBOZERO_GOLD_ILLUMINA_HT	AGATCGGAAGAG	PE		101	101							
8_mRNAseq_E14_Rpl39lKO_C1.20_rep2	/scicore/projects/openbis/userstore/biozentrum_zavolan/20220214122445340-60846234/BSSE_QGF_198845_HYJ5FDRXY_2_8_mRNAseq_E14_Rpl39lKO_C1_20_rep2_CGGACAAC_TCCGGATT_S8_L002_R1_001_MM_1.fastq.gz		mmusculus	SR	TRUSEQ_STRANDED_MRNA_ILLUMINA_HT	AGATCGGAAGAG	SE		101								
P389_Normal	/scicore/projects/openbis/userstore/biozentrum_zavolan/20230411091809249-60934969/BSSE_QGF_232649_H277JDSX7_2_P389_Normal_AACAGGTT_ATACCAAG_S47_L002_R1_001_MM_1.fastq.gz	/scicore/projects/openbis/userstore/biozentrum_zavolan/20230411091809249-60934969/BSSE_QGF_232649_H277JDSX7_2_P389_Normal_AACAGGTT_ATACCAAG_S47_L002_R2_001_MM_1.fastq.gz	hsapiens	ISR	TRUSEQ_STRANDED_RNA_RIBOZERO_GOLD_ILLUMINA_HT	AGATCGGAAGAG	PE		101	101							
3_mRNAseq_E14_rep3	/scicore/projects/openbis/userstore/biozentrum_zavolan/20220214122304002-60846224/BSSE_QGF_198840_HYJ5FDRXY_2_3_mRNAseq_E14_rep3_AGCCTCAT_AGTAGAGA_S3_L002_R1_001_MM_1.fastq.gz		mmusculus	SR	TRUSEQ_STRANDED_MRNA_ILLUMINA_HT	AGATCGGAAGAG	SE		101								
2_mRNAseq_E14_rep2	/scicore/projects/openbis/userstore/biozentrum_zavolan/20220214122254037-60846223/BSSE_QGF_198839_HYJ5FDRXY_2_2_mRNAseq_E14_rep2_CGTTAGAA_TTCAGGTC_S2_L002_R1_001_MM_1.fastq.gz		mmusculus	SR	TRUSEQ_STRANDED_MRNA_ILLUMINA_HT	AGATCGGAAGAG	SE		101								
11_mRNAseq_E14_Rpl39lKO_C2.8_rep2	/scicore/projects/openbis/userstore/biozentrum_zavolan/20220214122549553-60846240/BSSE_QGF_198848_HYJ5FDRXY_1_11_mRNAseq_E14_Rpl39lKO_C2_8_rep2_AAGATACT_ACTTACAT_S11_L001_R1_001_MM_1.fastq.gz		mmusculus	SR	TRUSEQ_STRANDED_MRNA_ILLUMINA_HT	AGATCGGAAGAG	SE		101								
P12_NT	/scicore/projects/openbis/userstore/biozentrum_zavolan/20230411084456132-60934906/BSSE_QGF_232603_H277JDSX7_2_P12_NT_CCGCGGTT_AGCGCTAG_S1_L002_R1_001_MM_1.fastq.gz	/scicore/projects/openbis/userstore/biozentrum_zavolan/20230411084456132-60934906/BSSE_QGF_232603_H277JDSX7_2_P12_NT_CCGCGGTT_AGCGCTAG_S1_L002_R2_001_MM_1.fastq.gz	hsapiens	ISR	TRUSEQ_STRANDED_RNA_RIBOZERO_GOLD_ILLUMINA_HT	AGATCGGAAGAG	PE		101	101							
YE217_KO_Th17	/scicore/projects/openbis/userstore/biozentrum_zavolan/20230411092711538-60934988/BSSE_QGF_232664_H277JDSX7_2_YE217_KO_Th17_GTGTCGGA_GCTTGCGC_S62_L002_R1_001_MM_1.fastq.gz	/scicore/projects/openbis/userstore/biozentrum_zavolan/20230411092711538-60934988/BSSE_QGF_232664_H277JDSX7_2_YE217_KO_Th17_GTGTCGGA_GCTTGCGC_S62_L002_R2_001_MM_1.fastq.gz	mmusculus	ISR	TRUSEQ_STRANDED_RNA_RIBOZERO_GOLD_ILLUMINA_HT	AGATCGGAAGAG	PE		101	101							
P369_HCC	/scicore/projects/openbis/userstore/biozentrum_zavolan/20230411092207286-60934978/BSSE_QGF_232656_H277JDSX7_2_P369_HCC_CATAATAC_TTCTAACG_S54_L002_R1_001_MM_1.fastq.gz	/scicore/projects/openbis/userstore/biozentrum_zavolan/20230411092207286-60934978/BSSE_QGF_232656_H277JDSX7_2_P369_HCC_CATAATAC_TTCTAACG_S54_L002_R2_001_MM_1.fastq.gz	hsapiens	ISR	TRUSEQ_STRANDED_RNA_RIBOZERO_GOLD_ILLUMINA_HT	AGATCGGAAGAG	PE		101	101							
P12_HCC	/scicore/projects/openbis/userstore/biozentrum_zavolan/20230411084522803-60934907/BSSE_QGF_232604_H277JDSX7_2_P12_HCC_TTATAACC_GATATCGA_S2_L002_R1_001_MM_1.fastq.gz	/scicore/projects/openbis/userstore/biozentrum_zavolan/20230411084522803-60934907/BSSE_QGF_232604_H277JDSX7_2_P12_HCC_TTATAACC_GATATCGA_S2_L002_R2_001_MM_1.fastq.gz	hsapiens	ISR	TRUSEQ_STRANDED_RNA_RIBOZERO_GOLD_ILLUMINA_HT	AGATCGGAAGAG	PE		101	101							
P95_NT	/scicore/projects/openbis/userstore/biozentrum_zavolan/20230411085239472-60934920/BSSE_QGF_232613_H277JDSX7_2_P95_NT_TCTCTACT_CGCGGTTC_S11_L002_R1_001_MM_1.fastq.gz	/scicore/projects/openbis/userstore/biozentrum_zavolan/20230411085239472-60934920/BSSE_QGF_232613_H277JDSX7_2_P95_NT_TCTCTACT_CGCGGTTC_S11_L002_R2_001_MM_1.fastq.gz	hsapiens	ISR	TRUSEQ_STRANDED_RNA_RIBOZERO_GOLD_ILLUMINA_HT	AGATCGGAAGAG	PE		101	101							
17_mRNAseq_E14_Rpl39lKO_C2.11_rep2	/scicore/projects/openbis/userstore/biozentrum_zavolan/20220214122759626-60846252/BSSE_QGF_198854_HYJ5FDRXY_1_17_mRNAseq_E14_Rpl39lKO_C2_11_rep2_ATATCTCG_ATCTTAGT_S17_L001_R1_001_MM_1.fastq.gz		mmusculus	SR	TRUSEQ_STRANDED_MRNA_ILLUMINA_HT	AGATCGGAAGAG	SE		101								
5_mRNAseq_E14_Rpl39lKO_C1.17_rep2	/scicore/projects/openbis/userstore/biozentrum_zavolan/20220214122346403-60846228/BSSE_QGF_198842_HYJ5FDRXY_2_5_mRNAseq_E14_Rpl39lKO_C1_17_rep2_TCGTAGTG_AGACTTGG_S5_L002_R1_001_MM_1.fastq.gz		mmusculus	SR	TRUSEQ_STRANDED_MRNA_ILLUMINA_HT	AGATCGGAAGAG	SE		101								
P185_HCC	/scicore/projects/openbis/userstore/biozentrum_zavolan/20230411090150507-60934935/BSSE_QGF_232624_H277JDSX7_2_P185_HCC_ATGAGGCC_GTTAATTG_S22_L002_R1_001_MM_1.fastq.gz	/scicore/projects/openbis/userstore/biozentrum_zavolan/20230411090150507-60934935/BSSE_QGF_232624_H277JDSX7_2_P185_HCC_ATGAGGCC_GTTAATTG_S22_L002_R2_001_MM_1.fastq.gz	hsapiens	ISR	TRUSEQ_STRANDED_RNA_RIBOZERO_GOLD_ILLUMINA_HT	AGATCGGAAGAG	PE		101	101							
P90_NT	/scicore/projects/openbis/userstore/biozentrum_zavolan/20230411085049337-60934917/BSSE_QGF_232611_H277JDSX7_2_P90_NT_AGTTCAGG_CCAACAGA_S9_L002_R1_001_MM_1.fastq.gz	/scicore/projects/openbis/userstore/biozentrum_zavolan/20230411085049337-60934917/BSSE_QGF_232611_H277JDSX7_2_P90_NT_AGTTCAGG_CCAACAGA_S9_L002_R2_001_MM_1.fastq.gz	hsapiens	ISR	TRUSEQ_STRANDED_RNA_RIBOZERO_GOLD_ILLUMINA_HT	AGATCGGAAGAG	PE		101	101							
2_mRNAseq_E14_rep2	/scicore/projects/openbis/userstore/biozentrum_zavolan/20220214122243365-60846222/BSSE_QGF_198839_HYJ5FDRXY_1_2_mRNAseq_E14_rep2_CGTTAGAA_TTCAGGTC_S2_L001_R1_001_MM_1.fastq.gz		mmusculus	SR	TRUSEQ_STRANDED_MRNA_ILLUMINA_HT	AGATCGGAAGAG	SE		101								
P406_NT	/scicore/projects/openbis/userstore/biozentrum_zavolan/20230411090909634-60934951/BSSE_QGF_232636_H277JDSX7_2_P406_NT_TCGTAGTG_AGACTTGG_S34_L002_R1_001_MM_1.fastq.gz	/scicore/projects/openbis/userstore/biozentrum_zavolan/20230411090909634-60934951/BSSE_QGF_232636_H277JDSX7_2_P406_NT_TCGTAGTG_AGACTTGG_S34_L002_R2_001_MM_1.fastq.gz	hsapiens	ISR	TRUSEQ_STRANDED_RNA_RIBOZERO_GOLD_ILLUMINA_HT	AGATCGGAAGAG	PE		101	101							
P28_NT	/scicore/projects/openbis/userstore/biozentrum_zavolan/20230411084649560-60934909/BSSE_QGF_232605_H277JDSX7_2_P28_NT_GGACTTGG_CGCAGACG_S3_L002_R1_001_MM_1.fastq.gz	/scicore/projects/openbis/userstore/biozentrum_zavolan/20230411084649560-60934909/BSSE_QGF_232605_H277JDSX7_2_P28_NT_GGACTTGG_CGCAGACG_S3_L002_R2_001_MM_1.fastq.gz	hsapiens	ISR	TRUSEQ_STRANDED_RNA_RIBOZERO_GOLD_ILLUMINA_HT	AGATCGGAAGAG	PE		101	101							
3_mRNAseq_E14_rep3	/scicore/projects/openbis/userstore/biozentrum_zavolan/20220214122315758-60846225/BSSE_QGF_198840_HYJ5FDRXY_1_3_mRNAseq_E14_rep3_AGCCTCAT_AGTAGAGA_S3_L001_R1_001_MM_1.fastq.gz		mmusculus	SR	TRUSEQ_STRANDED_MRNA_ILLUMINA_HT	AGATCGGAAGAG	SE		101								
14_mRNAseq_E14_Rpl39lKO_C2.9_rep2	/scicore/projects/openbis/userstore/biozentrum_zavolan/20220214122707697-60846247/BSSE_QGF_198851_HYJ5FDRXY_2_14_mRNAseq_E14_Rpl39lKO_C2_9_rep2_GCAATGCA_GGAACGTT_S14_L002_R1_001_MM_1.fastq.gz		mmusculus	SR	TRUSEQ_STRANDED_MRNA_ILLUMINA_HT	AGATCGGAAGAG	SE		101								
13_mRNAseq_E14_Rpl39lKO_C2.9_rep1	/scicore/projects/openbis/userstore/biozentrum_zavolan/20220214122633921-60846244/BSSE_QGF_198850_HYJ5FDRXY_1_13_mRNAseq_E14_Rpl39lKO_C2_9_rep1_ATGGCATG_AAGGTACC_S13_L001_R1_001_MM_1.fastq.gz		mmusculus	SR	TRUSEQ_STRANDED_MRNA_ILLUMINA_HT	AGATCGGAAGAG	SE		101								
18_mRNAseq_E14_Rpl39lKO_C2.11_rep3	/scicore/projects/openbis/userstore/biozentrum_zavolan/20220214122829357-60846255/BSSE_QGF_198855_HYJ5FDRXY_2_18_mRNAseq_E14_Rpl39lKO_C2_11_rep3_GCGCTCTA_GCTCCGAC_S18_L002_R1_001_MM_1.fastq.gz		mmusculus	SR	TRUSEQ_STRANDED_MRNA_ILLUMINA_HT	AGATCGGAAGAG	SE		101								
P334_Normal	/scicore/projects/openbis/userstore/biozentrum_zavolan/20230411091625664-60934966/BSSE_QGF_232647_H277JDSX7_2_P334_Normal_ATATCTCG_ATCTTAGT_S45_L002_R1_001_MM_1.fastq.gz	/scicore/projects/openbis/userstore/biozentrum_zavolan/20230411091625664-60934966/BSSE_QGF_232647_H277JDSX7_2_P334_Normal_ATATCTCG_ATCTTAGT_S45_L002_R2_001_MM_1.fastq.gz	hsapiens	ISR	TRUSEQ_STRANDED_RNA_RIBOZERO_GOLD_ILLUMINA_HT	AGATCGGAAGAG	PE		101	101							
P170_HCC	/scicore/projects/openbis/userstore/biozentrum_zavolan/20230411085800833-60934929/BSSE_QGF_232620_H277JDSX7_2_P170_HCC_GCACGGAC_GTCTCGCA_S18_L002_R1_001_MM_1.fastq.gz	/scicore/projects/openbis/userstore/biozentrum_zavolan/20230411085800833-60934929/BSSE_QGF_232620_H277JDSX7_2_P170_HCC_GCACGGAC_GTCTCGCA_S18_L002_R2_001_MM_1.fastq.gz	hsapiens	ISR	TRUSEQ_STRANDED_RNA_RIBOZERO_GOLD_ILLUMINA_HT	AGATCGGAAGAG	PE		101	101							
P123_HCC	/scicore/projects/openbis/userstore/biozentrum_zavolan/20230411092150487-60934977/BSSE_QGF_232655_H277JDSX7_2_P123_HCC_TGCGGCGT_CCTCGGTA_S53_L002_R1_001_MM_1.fastq.gz	/scicore/projects/openbis/userstore/biozentrum_zavolan/20230411092150487-60934977/BSSE_QGF_232655_H277JDSX7_2_P123_HCC_TGCGGCGT_CCTCGGTA_S53_L002_R2_001_MM_1.fastq.gz	hsapiens	ISR	TRUSEQ_STRANDED_RNA_RIBOZERO_GOLD_ILLUMINA_HT	AGATCGGAAGAG	PE		101	101							
4_mRNAseq_E14_Rpl39lKO_C1.17_rep1	/scicore/projects/openbis/userstore/biozentrum_zavolan/20220214122335981-60846227/BSSE_QGF_198841_HYJ5FDRXY_1_4_mRNAseq_E14_Rpl39lKO_C1_17_rep1_GATTCTGC_GACGAGAG_S4_L001_R1_001_MM_1.fastq.gz		mmusculus	SR	TRUSEQ_STRANDED_MRNA_ILLUMINA_HT	AGATCGGAAGAG	SE		101								
15_mRNAseq_E14_Rpl39lKO_C2.9_rep3	/scicore/projects/openbis/userstore/biozentrum_zavolan/20220214122719018-60846248/BSSE_QGF_198852_HYJ5FDRXY_1_15_mRNAseq_E14_Rpl39lKO_C2_9_rep3_GTTCCAAT_AATTCTGC_S15_L001_R1_001_MM_1.fastq.gz		mmusculus	SR	TRUSEQ_STRANDED_MRNA_ILLUMINA_HT	AGATCGGAAGAG	SE		101								
10_mRNAseq_E14_Rpl39lKO_C2.8_rep1	/scicore/projects/openbis/userstore/biozentrum_zavolan/20220214122526854-60846238/BSSE_QGF_198847_HYJ5FDRXY_1_10_mRNAseq_E14_Rpl39lKO_C2_8_rep1_GCGCAAGC_TCACGCCG_S10_L001_R1_001_MM_1.fastq.gz		mmusculus	SR	TRUSEQ_STRANDED_MRNA_ILLUMINA_HT	AGATCGGAAGAG	SE		101								
P347_HCC	/scicore/projects/openbis/userstore/biozentrum_zavolan/20230411090500912-60934941/BSSE_QGF_232628_H277JDSX7_2_P347_HCC_TCCAACGC_TTGGACTT_S26_L002_R1_001_MM_1.fastq.gz	/scicore/projects/openbis/userstore/biozentrum_zavolan/20230411090500912-60934941/BSSE_QGF_232628_H277JDSX7_2_P347_HCC_TCCAACGC_TTGGACTT_S26_L002_R2_001_MM_1.fastq.gz	hsapiens	ISR	TRUSEQ_STRANDED_RNA_RIBOZERO_GOLD_ILLUMINA_HT	AGATCGGAAGAG	PE		101	101							
P379_HCC	/scicore/projects/openbis/userstore/biozentrum_zavolan/20230411090647231-60934945/BSSE_QGF_232631_H277JDSX7_2_P379_HCC_AATGCCTC_TCGATCCA_S29_L002_R1_001_MM_1.fastq.gz	/scicore/projects/openbis/userstore/biozentrum_zavolan/20230411090647231-60934945/BSSE_QGF_232631_H277JDSX7_2_P379_HCC_AATGCCTC_TCGATCCA_S29_L002_R2_001_MM_1.fastq.gz	hsapiens	ISR	TRUSEQ_STRANDED_RNA_RIBOZERO_GOLD_ILLUMINA_HT	AGATCGGAAGAG	PE		101	101							
P185_NT	/scicore/projects/openbis/userstore/biozentrum_zavolan/20230411090028718-60934933/BSSE_QGF_232623_H277JDSX7_2_P185_NT_GCAGAATT_ACCGGCCA_S21_L002_R1_001_MM_1.fastq.gz	/scicore/projects/openbis/userstore/biozentrum_zavolan/20230411090028718-60934933/BSSE_QGF_232623_H277JDSX7_2_P185_NT_GCAGAATT_ACCGGCCA_S21_L002_R2_001_MM_1.fastq.gz	hsapiens	ISR	TRUSEQ_STRANDED_RNA_RIBOZERO_GOLD_ILLUMINA_HT	AGATCGGAAGAG	PE		101	101							
1_mRNAseq_E14_rep1	/scicore/projects/openbis/userstore/biozentrum_zavolan/20220214122231156-60846221/BSSE_QGF_198838_HYJ5FDRXY_2_1_mRNAseq_E14_rep1_TACCGAGG_CCTGAACT_S1_L002_R1_001_MM_1.fastq.gz		mmusculus	SR	TRUSEQ_STRANDED_MRNA_ILLUMINA_HT	AGATCGGAAGAG	SE		101								
P340_Normal	/scicore/projects/openbis/userstore/biozentrum_zavolan/20230411091642186-60934967/BSSE_QGF_232648_H277JDSX7_2_P340_Normal_GCGCTCTA_GCTCCGAC_S46_L002_R1_001_MM_1.fastq.gz	/scicore/projects/openbis/userstore/biozentrum_zavolan/20230411091642186-60934967/BSSE_QGF_232648_H277JDSX7_2_P340_Normal_GCGCTCTA_GCTCCGAC_S46_L002_R2_001_MM_1.fastq.gz	hsapiens	ISR	TRUSEQ_STRANDED_RNA_RIBOZERO_GOLD_ILLUMINA_HT	AGATCGGAAGAG	PE		101	101							
HepG2_DMSO_HP34	/scicore/projects/openbis/userstore/biozentrum_zavolan/20230411092555474-60934985/BSSE_QGF_232661_H277JDSX7_2_HepG2_DMSO_HP34_TTGCCTAG_ACCACTTA_S59_L002_R1_001_MM_1.fastq.gz	/scicore/projects/openbis/userstore/biozentrum_zavolan/20230411092555474-60934985/BSSE_QGF_232661_H277JDSX7_2_HepG2_DMSO_HP34_TTGCCTAG_ACCACTTA_S59_L002_R2_001_MM_1.fastq.gz	hsapiens	ISR	TRUSEQ_STRANDED_RNA_RIBOZERO_GOLD_ILLUMINA_HT	AGATCGGAAGAG	PE		101	101							
P282_NT	/scicore/projects/openbis/userstore/biozentrum_zavolan/20230411091243338-60934958/BSSE_QGF_232641_H277JDSX7_2_P282_NT_AAGATACT_ACTTACAT_S39_L002_R1_001_MM_1.fastq.gz	/scicore/projects/openbis/userstore/biozentrum_zavolan/20230411091243338-60934958/BSSE_QGF_232641_H277JDSX7_2_P282_NT_AAGATACT_ACTTACAT_S39_L002_R2_001_MM_1.fastq.gz	hsapiens	ISR	TRUSEQ_STRANDED_RNA_RIBOZERO_GOLD_ILLUMINA_HT	AGATCGGAAGAG	PE		101	101							
P398_HCC	/scicore/projects/openbis/userstore/biozentrum_zavolan/20230411090849824-60934950/BSSE_QGF_232635_H277JDSX7_2_P398_HCC_GATTCTGC_GACGAGAG_S33_L002_R1_001_MM_1.fastq.gz	/scicore/projects/openbis/userstore/biozentrum_zavolan/20230411090849824-60934950/BSSE_QGF_232635_H277JDSX7_2_P398_HCC_GATTCTGC_GACGAGAG_S33_L002_R2_001_MM_1.fastq.gz	hsapiens	ISR	TRUSEQ_STRANDED_RNA_RIBOZERO_GOLD_ILLUMINA_HT	AGATCGGAAGAG	PE		101	101							
P28_HCC	/scicore/projects/openbis/userstore/biozentrum_zavolan/20230411084708596-60934910/BSSE_QGF_232606_H277JDSX7_2_P28_HCC_AAGTCCAA_TATGAGTA_S4_L002_R1_001_MM_1.fastq.gz	/scicore/projects/openbis/userstore/biozentrum_zavolan/20230411084708596-60934910/BSSE_QGF_232606_H277JDSX7_2_P28_HCC_AAGTCCAA_TATGAGTA_S4_L002_R2_001_MM_1.fastq.gz	hsapiens	ISR	TRUSEQ_STRANDED_RNA_RIBOZERO_GOLD_ILLUMINA_HT	AGATCGGAAGAG	PE		101	101							
P167_NT	/scicore/projects/openbis/userstore/biozentrum_zavolan/20230411085618892-60934925/BSSE_QGF_232617_H277JDSX7_2_P167_NT_TAATACAG_ATATTCAC_S15_L002_R1_001_MM_1.fastq.gz	/scicore/projects/openbis/userstore/biozentrum_zavolan/20230411085618892-60934925/BSSE_QGF_232617_H277JDSX7_2_P167_NT_TAATACAG_ATATTCAC_S15_L002_R2_001_MM_1.fastq.gz	hsapiens	ISR	TRUSEQ_STRANDED_RNA_RIBOZERO_GOLD_ILLUMINA_HT	AGATCGGAAGAG	PE		101	101							
P437_HCC	/scicore/projects/openbis/userstore/biozentrum_zavolan/20230411091117025-60934956/BSSE_QGF_232640_H277JDSX7_2_P437_HCC_GCGCAAGC_TCACGCCG_S38_L002_R1_001_MM_1.fastq.gz	/scicore/projects/openbis/userstore/biozentrum_zavolan/20230411091117025-60934956/BSSE_QGF_232640_H277JDSX7_2_P437_HCC_GCGCAAGC_TCACGCCG_S38_L002_R2_001_MM_1.fastq.gz	hsapiens	ISR	TRUSEQ_STRANDED_RNA_RIBOZERO_GOLD_ILLUMINA_HT	AGATCGGAAGAG	PE		101	101							
P275_HCC	/scicore/projects/openbis/userstore/biozentrum_zavolan/20230411092015061-60934974/BSSE_QGF_232653_H277JDSX7_2_P275_HCC_AGGCAGAG_AGAATGCC_S51_L002_R1_001_MM_1.fastq.gz	/scicore/projects/openbis/userstore/biozentrum_zavolan/20230411092015061-60934974/BSSE_QGF_232653_H277JDSX7_2_P275_HCC_AGGCAGAG_AGAATGCC_S51_L002_R2_001_MM_1.fastq.gz	hsapiens	ISR	TRUSEQ_STRANDED_RNA_RIBOZERO_GOLD_ILLUMINA_HT	AGATCGGAAGAG	PE		101	101							
9_mRNAseq_E14_Rpl39lKO_C1.20_rep3	/scicore/projects/openbis/userstore/biozentrum_zavolan/20220214122512937-60846237/BSSE_QGF_198846_HYJ5FDRXY_1_9_mRNAseq_E14_Rpl39lKO_C1_20_rep3_ATATGGAT_CTGTATTA_S9_L001_R1_001_MM_1.fastq.gz		mmusculus	SR	TRUSEQ_STRANDED_MRNA_ILLUMINA_HT	AGATCGGAAGAG	SE		101								
P32_NT	/scicore/projects/openbis/userstore/biozentrum_zavolan/20230411084920238-60934914/BSSE_QGF_232609_H277JDSX7_2_P32_NT_CAAGCTAG_ACATAGCG_S7_L002_R1_001_MM_1.fastq.gz	/scicore/projects/openbis/userstore/biozentrum_zavolan/20230411084920238-60934914/BSSE_QGF_232609_H277JDSX7_2_P32_NT_CAAGCTAG_ACATAGCG_S7_L002_R2_001_MM_1.fastq.gz	hsapiens	ISR	TRUSEQ_STRANDED_RNA_RIBOZERO_GOLD_ILLUMINA_HT	AGATCGGAAGAG	PE		101	101							
13_mRNAseq_E14_Rpl39lKO_C2.9_rep1	/scicore/projects/openbis/userstore/biozentrum_zavolan/20220214122645196-60846245/BSSE_QGF_198850_HYJ5FDRXY_2_13_mRNAseq_E14_Rpl39lKO_C2_9_rep1_ATGGCATG_AAGGTACC_S13_L002_R1_001_MM_1.fastq.gz		mmusculus	SR	TRUSEQ_STRANDED_MRNA_ILLUMINA_HT	AGATCGGAAGAG	SE		101								
P90_HCC	/scicore/projects/openbis/userstore/biozentrum_zavolan/20230411085211839-60934919/BSSE_QGF_232612_H277JDSX7_2_P90_HCC_GACCTGAA_TTGGTGAG_S10_L002_R1_001_MM_1.fastq.gz	/scicore/projects/openbis/userstore/biozentrum_zavolan/20230411085211839-60934919/BSSE_QGF_232612_H277JDSX7_2_P90_HCC_GACCTGAA_TTGGTGAG_S10_L002_R2_001_MM_1.fastq.gz	hsapiens	ISR	TRUSEQ_STRANDED_RNA_RIBOZERO_GOLD_ILLUMINA_HT	AGATCGGAAGAG	PE		101	101							
