sample	read_count	seqmode	organism	orientation	3p_adapter	fq1_read_length	fq2_read_length
SRR6117020	19248855	PE	celegans	ISR	AGATCGGAAGAG	76	76
SRR6117021	21219414	PE	celegans	ISR	AGATCGGAAGAG	76	76
SRR6117022	18749183	PE	celegans	ISR	AGATCGGAAGAG	76	76
SRR6117023	18366023	PE	celegans	ISR	AGATCGGAAGAG	76	76
SRR5341940	38610589	SE	scerevisiae	SF	TGGAATTCTCGG	51	
SRR5341939	43587373	SE	scerevisiae	SF	TGGAATTCTCGG	51	
SRR4031377	28045628	SE	scerevisiae	SF	TGGAATTCTCGG	51	
SRR4031376	24412144	SE	scerevisiae	SF	TGGAATTCTCGG	51	
SRR4031375	29003693	SE	scerevisiae	SF	TGGAATTCTCGG	51	
SRR4031374	30551824	SE	scerevisiae	SF	TGGAATTCTCGG	51	
SRR4031373	26213733	SE	scerevisiae	SF	TGGAATTCTCGG	51	
SRR4031372	25647034	SE	scerevisiae	SF	TGGAATTCTCGG	51	
SRR4031371	45100745	SE	scerevisiae	SF	TGGAATTCTCGG	51	
SRR4031370	53211866	SE	scerevisiae	SF	TGGAATTCTCGG	51	
SRR4031369	39671845	SE	scerevisiae	SF	TGGAATTCTCGG	51	
SRR4031368	50506892	SE	scerevisiae	SF	TGGAATTCTCGG	51	
SRR4031367	30511509	SE	scerevisiae	SF	TGGAATTCTCGG	51	
SRR4031366	36659995	SE	scerevisiae	SF	TGGAATTCTCGG	51	
SRR10320811	39148111	SE	mmusculus	SF	TGGAATTCTCGG	51	
SRR10320812	23612169	SE	mmusculus	SF	TGGAATTCTCGG	51	
SRR10320813	47068453	SE	mmusculus	SF	TGGAATTCTCGG	51	
SRR10320814	75048143	SE	mmusculus	SF	TGGAATTCTCGG	51	
SRR10320815	24500791	SE	mmusculus	SF	TGGAATTCTCGG	51	
SRR10320816	26790789	SE	mmusculus	SF	TGGAATTCTCGG	51	
SRR10320817	31533656	SE	mmusculus	SF	TGGAATTCTCGG	51	
SRR10320818	18597500	SE	mmusculus	SF	TGGAATTCTCGG	51	
SRR10320819	75345918	SE	mmusculus	SF	TGGAATTCTCGG	51	
SRR10320820	48713798	SE	mmusculus	SF	TGGAATTCTCGG	51	
SRR10320821	27699020	SE	mmusculus	SF	TGGAATTCTCGG	51	
SRR10320822	29393861	SE	mmusculus	SF	TGGAATTCTCGG	51	
SRR10320823	37391683	SE	mmusculus	SF	TGGAATTCTCGG	51	
SRR10320824	64739135	SE	mmusculus	SF	TGGAATTCTCGG	51	
SRR10320825	58033172	SE	mmusculus	SF	TGGAATTCTCGG	51	
SRR10320826	44000729	SE	mmusculus	SF	TGGAATTCTCGG	51	
SRR10320827	48722693	SE	mmusculus	SF	TGGAATTCTCGG	51	
SRR10320828	34552726	SE	mmusculus	SF	TGGAATTCTCGG	51	
SRR10320829	52923897	SE	mmusculus	SF	TGGAATTCTCGG	51	
SRR10320830	32143544	SE	mmusculus	SF	TGGAATTCTCGG	51	
SRR10320831	42840618	SE	mmusculus	SF	TGGAATTCTCGG	51	
SRR10320832	37965230	SE	mmusculus	SF	TGGAATTCTCGG	51	
SRR10320833	32592768	SE	mmusculus	SF	TGGAATTCTCGG	51	
SRR10320834	49366103	SE	mmusculus	SF	TGGAATTCTCGG	51	
SRR10320835	44091297	SE	mmusculus	SF	TGGAATTCTCGG	51	
SRR10320836	44058505	SE	mmusculus	SF	TGGAATTCTCGG	51	
SRR10320837	52336012	SE	mmusculus	SF	TGGAATTCTCGG	51	
SRR10320838	34443613	SE	mmusculus	SF	TGGAATTCTCGG	51	
SRR10320839	32511816	SE	mmusculus	SF	TGGAATTCTCGG	51	
SRR10320840	40114805	SE	mmusculus	SF	TGGAATTCTCGG	51	
SRR10320841	54846011	SE	mmusculus	SF	TGGAATTCTCGG	51	
SRR10320842	37010273	SE	mmusculus	SF	TGGAATTCTCGG	51	
SRR10320843	48653604	SE	mmusculus	SF	TGGAATTCTCGG	51	
SRR10320844	45147711	SE	mmusculus	SF	TGGAATTCTCGG	51	
SRR10320845	55049409	SE	mmusculus	SF	TGGAATTCTCGG	51	
SRR10320846	38876780	SE	mmusculus	SF	TGGAATTCTCGG	51	
SRR10320847	43983195	SE	mmusculus	SF	TGGAATTCTCGG	51	
SRR10320848	42875267	SE	mmusculus	SF	TGGAATTCTCGG	51	
SRR10320849	36190400	SE	mmusculus	SF	TGGAATTCTCGG	51	
SRR10320850	39759716	SE	mmusculus	SF	TGGAATTCTCGG	51	
SRR15058571	48035515	SE	hsapiens	SR	AGATCGGAAGAG	76	
SRR15058570	53493329	SE	hsapiens	SR	AGATCGGAAGAG	76	
SRR15058569	46292505	SE	hsapiens	SR	AGATCGGAAGAG	76	
SRR15058568	62833168	SE	hsapiens	SR	AGATCGGAAGAG	76	
SRR15058567	62812417	SE	hsapiens	SR	AGATCGGAAGAG	76	
SRR15058566	74932189	SE	hsapiens	SR	AGATCGGAAGAG	76	
SRR15058565	47900621	SE	hsapiens	SR	AGATCGGAAGAG	76	
SRR15058564	47613972	SE	hsapiens	SR	AGATCGGAAGAG	76	
SRR15058563	68039124	SE	hsapiens	SR	AGATCGGAAGAG	76	
SRR15058562	86856697	SE	hsapiens	SR	AGATCGGAAGAG	76	
SRR15058561	59117239	SE	hsapiens	SR	AGATCGGAAGAG	76	
SRR15058560	50828346	SE	hsapiens	SR	AGATCGGAAGAG	76	
SRR15058559	53753384	SE	hsapiens	SR	AGATCGGAAGAG	76	
SRR15058558	50924068	SE	hsapiens	SR	AGATCGGAAGAG	76	
