sample	read_count	seqmode	organism	orientation	3p_adapter	fq1_read_length	fq2_read_length																																								
SRR582892	32021930	SE	sratti			36																																									
SRR1103279	49583564	SE	tkitauei		AGATCGGAAGAGCACACGTCTGAACTCCAGTCA / AGATCGGAAGAGCGTCGTGTAGGGAAAGAGTGT	101																																									
SRR1284049	17461217	SE	bcinerea			51																																									
SRR1289523	27105405	PE	dnovemcinctus	ISR		148																																									
SRR1289524	26714294	PE	dnovemcinctus	ISR		148																																									
SRR1735385	50952895	PE	cmilii	ISF		152																																									
SRR2131239	22525047	PE	lanatina	ISR		196																																									
SRR5351980	72766180	SE	dmelanogaster		CTGTCTCTTATACACATCT	51																																									
SRR6987423	113908500	SE	athaliana		TGGAATTCTCGGGTGCCAAGG	50																																									
SRR7905052	29346733	SE	dnovemcinctus	SR		75																																									
SRR7905053	28540410	SE	dnovemcinctus	SR		75																																									
SRR8951910	4416132	SE	aqueenslandica			55																																									
SRR8951911	4383404	SE	aqueenslandica			55																																									
SRR9856882	38194945	SE	pteres			151																																									
SRR9958771	34900790	SE	pmarinus			50																																									
SRR10393299	4851478	PE	pabelii	ISR		430																																									
SRR10409017	10899171	PE	avaga			300																																									
SRR10409020	19993048	SE	avaga			135																																									
SRR10446403	14481410	PE	tspiralis			148																																									
SRR10446726	257572751	SE	acarolinensis		TGGAATTCTCGGGTGCCAAGG	33																																									
SRR12200276	3414406	SE	cteleta			35																																									
SRR12414066	4095901	PE	pabelii		CTGTCTCTTATACACATCT	16	50																																								
SRR12442715	33381728	SE	dnovemcinctus	SR		101																																									
SRR12867725	23961074	SE	ssclerotiorum			125																																									
SRR13754963	16439982	PE	kphaffii			300																																									
SRR13922067	44769243	SE	hsapiens		AGATCGGAAGAGCACACGTCTGAACTCCAGTCA / AGATCGGAAGAGCGTCGTGTAGGGAAAGAGTGT	50																																									
SRR14102454	15403474	PE	creinhardtii			151	76																																								
SRR14102455	407263	PE	creinhardtii			111	111																																								
SRR14597451	24346598	SE	cintestinalis			101																																									
SRR14827012	16025320	PE	avaga			178																																									
SRR16596798	36400804	PE	xtropicalis			202																																									
SRR16892632	10461146	SE	celegans	SF		75																																									
SRR16892633	9969873	SE	celegans	SF		75																																									
SRR16892634	10218623	SE	celegans	SF		75																																									
SRR16892635	9973359	SE	celegans	SF		75																																									
SRR16936848	35034907	SE	smansoni	SR		85																																									
SRR16948910	30122934	PE	ppatens	ISR		151																																									
SRR16955213	18584052	PE	obimaculoides			151																																									
SRR17248189	28367976	SE	smansoni	SR		75																																									
SRR17334639	73912971	PE	cintestinalis			151																																									
SRR19067720	79514299	PE	pabelii			253																																									
SRR19548813	89118464	PE	spurpuratus			250																																									
SRR19548823	204289094	PE	spurpuratus			152																																									
SRR19548828	108992268	PE	smaritima			150																																									
SRR19548848	85379485	PE	cmilii			250																																									
SRR19548868	87656789	PE	blanceolatum			250																																									
SRR21639732	196858784	SE	hsapiens	ISF	GATCGGAAGAGCACACGTCTGAACTCCAGTCAC	98																																									
SRR21639733	196624950	SE	hsapiens	ISF	GATCGGAAGAGCACACGTCTGAACTCCAGTCAC	98																																									
SRR14288913	56290525	PE	acarolinensis			300																																									
SRR14288912	50332940	PE	acarolinensis			300																																									
SRR14288905	40255403	PE	acarolinensis			300																																									
SRR14288906	37024925	PE	acarolinensis			300																																									
SRR14288910	47828110	PE	acarolinensis			300																																									
SRR14288914	44630631	PE	acarolinensis			300																																									
SRR14288916	43474492	PE	acarolinensis			300																																									
SRR14288911	1142	PE	acarolinensis			300																																									
SRR14288907	72359454	PE	acarolinensis			300																																									
SRR14288909	48918640	PE	acarolinensis			300																																									
SRR14288908	40254000	PE	acarolinensis			300																																									
SRR14288915	33398334	PE	acarolinensis			300																																									
SRR14288932	44951756	PE	acarolinensis			300																																									
SRR14288933	41789008	PE	acarolinensis			300																																									
SRR14288930	38594508	PE	acarolinensis			300																																									
SRR14288931	40646468	PE	acarolinensis			300																																									
SRR14288938	41159011	PE	acarolinensis			300																																									
SRR14288925	35535870	PE	acarolinensis			300																																									
SRR14288928	33509394	PE	acarolinensis			300																																									
SRR14288923	42130192	PE	acarolinensis			300																																									
SRR17409019	10724053	SE	amellifera			151																																									
SRR17409020	11744534	SE	amellifera			151																																									
SRR17409017	13242774	SE	amellifera			151																																									
SRR17409018	8515367	SE	amellifera			151																																									
SRR17409015	11533201	SE	amellifera			151																																									
SRR17409016	10857833	SE	amellifera			151																																									
SRR17409013	12477530	SE	amellifera			151																																									
SRR17409014	9987127	SE	amellifera			151																																									
SRR17409011	12721702	SE	amellifera			151																																									
SRR17409012	9975402	SE	amellifera			151																																									
SRR23183269	35760924	PE	amellifera			300																																									
SRR23183243	46295333	PE	amellifera			300																																									
SRR23183253	32705545	PE	amellifera			300																																									
SRR23183234	34133307	PE	amellifera			300																																									
SRR23183228	32805650	PE	amellifera			300																																									
SRR23183268	31171806	PE	amellifera			300																																									
SRR23183259	31347435	PE	amellifera			300																																									
SRR23183258	30340930	PE	amellifera			300																																									
SRR23183257	44047609	PE	amellifera			300																																									
SRR23183256	34450863	PE	amellifera			300																																									
SRR22397148	17781616	SE	athaliana			148																																									
SRR22397146	23457991	SE	athaliana			148																																									
SRR22397145	15588410	SE	athaliana			144																																									
SRR22397141	1495608	SE	athaliana			146																																									
SRR22397140	1645075	SE	athaliana			138																																									
SRR22397139	1595784	SE	athaliana			135																																									
SRR22397134	1659080	SE	athaliana			136																																									
SRR22397133	751689	SE	athaliana			143																																									
SRR22397132	824439	SE	athaliana			144																																									
SRR22397128	1304415	SE	athaliana			143																																									
SRR23712176	18855405	PE	athaliana			300																																									
SRR23712189	7135317	PE	athaliana			300																																									
SRR23712190	2543979	PE	athaliana			300																																									
SRR23712191	7492072	PE	athaliana			300																																									
SRR23712192	2612235	PE	athaliana			300																																									
SRR23712185	8667091	PE	athaliana			300																																									
SRR23712186	2044342	PE	athaliana			300																																									
SRR23712187	9099754	PE	athaliana			300																																									
SRR23712188	2096695	PE	athaliana			300																																									
SRR23712181	6642441	PE	athaliana			300																																									
SRR1797432	9791964	SE	bmori			49																																									
SRR1802825	9777766	SE	bmori			49																																									
SRR1802823	9621362	SE	bmori			49																																									
SRR1802824	10032747	SE	bmori			49																																									
SRR1534164	10193219	SE	bmori			59																																									
SRR1534163	10877363	SE	bmori			59																																									
SRR1535663	14514713	SE	bmori			49																																									
SRR1534158	10815099	SE	bmori			59																																									
SRR1534155	10889282	SE	bmori			59																																									
SRR1534162	10791854	SE	bmori			59																																									
SRR17499124	91651246	PE	bmori			300																																									
SRR17499125	109750805	PE	bmori			300																																									
SRR17499126	79126586	PE	bmori			300																																									
SRR17499127	66866580	PE	bmori			300																																									
SRR17499120	88095217	PE	bmori			300																																									
SRR17499121	86304971	PE	bmori			300																																									
SRR17499122	95375107	PE	bmori			300																																									
SRR17499123	100594916	PE	bmori			300																																									
SRR17499116	102983330	PE	bmori			300																																									
SRR17499117	82815648	PE	bmori			300																																									
SRR23238455	37619668	PE	btaurus			152																																									
SRR23238453	40572880	PE	btaurus			152																																									
SRR22952664	56467639	PE	btaurus			302																																									
SRR22952663	62726483	PE	btaurus			302																																									
SRR22952680	29826546	PE	btaurus			302																																									
SRR22952540	60509313	PE	btaurus			302																																									
SRR22952681	30901322	PE	btaurus			302																																									
SRR22952772	45789520	PE	btaurus			302																																									
SRR22952770	69184598	PE	btaurus			302																																									
SRR22952769	64804828	PE	btaurus			302																																									
SRR22925959	37073905	PE	btaurus			202																																									
SRR22925958	34219912	PE	btaurus			202																																									
SRR22925957	27208370	PE	btaurus			202																																									
SRR22925956	31307822	PE	btaurus			202																																									
SRR22925955	27811109	PE	btaurus			202																																									
SRR22925954	25912649	PE	btaurus			202																																									
SRR22925953	28379179	PE	btaurus			202																																									
SRR22925952	29042724	PE	btaurus			202																																									
SRR22925951	24903503	PE	btaurus			202																																									
SRR22925950	27618337	PE	btaurus			202																																									
SRR23193239	19767767	SE	mmusculus			76																																									
SRR23193245	20282341	SE	mmusculus			76																																									
SRR23193238	27012254	SE	mmusculus			76																																									
SRR23193237	24994582	SE	mmusculus			76																																									
SRR23193236	37340905	SE	mmusculus			76																																									
SRR23032160	95201500	SE	mmusculus			83																																									
SRR23032159	74033746	SE	mmusculus			83																																									
SRR22988060	41886671	SE	mfascicularis			75																																									
SRR22988059	40822420	SE	mfascicularis			75																																									
SRR23906035	14282843	PE	celegans			242																																									
SRR23906030	9076611	PE	celegans			247																																									
SRR23906031	9266731	PE	celegans			247																																									
SRR23906050	13704041	PE	celegans			246																																									
SRR23906051	14009471	PE	celegans			246																																									
SRR23736974	4645775	PE	mmusculus			74																																									
SRR23736973	7042081	PE	mmusculus			74																																									
SRR23736972	5712171	PE	mmusculus			74																																									
SRR23736971	4932482	PE	mmusculus			74																																									
SRR23736970	6144624	PE	mmusculus			74																																									
SRR23199408	64418986	SE	celegans			50																																									
SRR23199407	31397673	SE	celegans			100																																									
SRR23199406	31577777	SE	celegans			100																																									
SRR21711080	1014166	SE	celegans			120																																									
SRR21711079	2809783	SE	celegans			120																																									
SRR21711078	1031061	SE	celegans			120																																									
SRR23853005	27448447	PE	celegans			300																																									
SRR23906046	24056796	PE	celegans			244																																									
SRR23906047	24568431	PE	celegans			244																																									
SRR23906048	17144587	PE	celegans			243																																									
SRR23906049	17527353	PE	celegans			243																																									
SRR23285389	22712415	PE	celegans			300																																									
SRR23285388	21129436	PE	celegans			300																																									
SRR23330492	21983573	PE	celegans			300																																									
SRR23330491	31124340	PE	celegans			300																																									
SRR23330490	23405296	PE	celegans			300																																									
SRR23199403	31448033	SE	celegans			100																																									
SRR23199402	31767814	SE	celegans			100																																									
SRR22437330	21218464	SE	celegans			76																																									
SRR22437329	19486133	SE	celegans			76																																									
SRR22437328	19373853	SE	celegans			76																																									
SRR21943072	15926907	SE	celegans			76																																									
SRR21943073	16786854	SE	celegans			76																																									
SRR21943071	16943205	SE	celegans			76																																									
SRR22033491	21392089	SE	celegans			69																																									
SRR22033490	23783100	SE	celegans			69																																									
SRR23245274	44680747	PE	celegans			300																																									
SRR23245273	46044411	PE	celegans			300																																									
SRR23245272	40968119	PE	celegans			300																																									
SRR23245271	46807526	PE	celegans			300																																									
SRR23245270	43778079	PE	celegans			300																																									
SRR23049906	22099955	PE	celegans			302																																									
SRR23049895	20446448	PE	celegans			302																																									
SRR23049966	22214125	PE	celegans			302																																									
SRR23049955	22998134	PE	celegans			302																																									
SRR23049944	21197290	PE	celegans			302																																									
SRR17208256	25005972	PE	chircus			200																																									
SRR17208255	40431833	PE	chircus			200																																									
SRR17208254	56344889	PE	chircus			200																																									
SRR17208253	48321838	PE	chircus			200																																									
SRR17208252	33059177	PE	chircus			200																																									
SRR22585888	25136848	PE	chircus			277																																									
SRR22585887	19503934	PE	chircus			275																																									
SRR22585886	15788478	PE	chircus			275																																									
SRR22585885	18447325	PE	chircus			276																																									
SRR22585884	24655120	PE	chircus			276																																									
SRR22585883	17321983	PE	chircus			276																																									
SRR22585882	26003013	PE	chircus			276																																									
SRR22585881	16886313	PE	chircus			276																																									
SRR19976588	56695333	PE	chircus			300																																									
SRR19976587	51344687	PE	chircus			300																																									
SRR19976586	67710062	PE	chircus			300																																									
SRR19976585	52975953	PE	chircus			300																																									
SRR19976584	50730175	PE	chircus			300																																									
SRR19976593	52960978	PE	chircus			300																																									
SRR19976592	61086349	PE	chircus			300																																									
SRR17048032	49317912	PE	cjacchus			302																																									
SRR17048031	52561433	PE	cjacchus			302																																									
SRR17048030	43886238	PE	cjacchus			302																																									
SRR5912686	28030615	SE	cjaponica			100																																									
SRR5912687	33191248	SE	cjaponica			100																																									
SRR7750678	27130742	SE	cjaponica			75																																									
SRR7750679	20541833	SE	cjaponica			75																																									
SRR7750680	23606050	SE	cjaponica			75																																									
SRR7750681	22692092	SE	cjaponica			75																																									
SRR5912702	23048242	SE	cjaponica			100																																									
SRR5912701	31592325	SE	cjaponica			100																																									
SRR5912700	11693959	SE	cjaponica			100																																									
SRR5912699	26632934	SE	cjaponica			100																																									
SRR14453987	21540422	PE	cjaponica			300																																									
SRR14469368	21249514	PE	cjaponica			300																																									
SRR14469369	19769353	PE	cjaponica			300																																									
SRR14469370	28620938	PE	cjaponica			300																																									
SRR14469371	19171728	PE	cjaponica			300																																									
SRR14469372	23258839	PE	cjaponica			300																																									
SRR14469373	24452934	PE	cjaponica			300																																									
SRR14469374	24273190	PE	cjaponica			300																																									
SRR14469375	21128041	PE	cjaponica			300																																									
SRR14469376	23874213	PE	cjaponica			300																																									
SRR6326202	48821708	SE	cporcellus			58																																									
SRR6326203	39222692	SE	cporcellus			58																																									
SRR6326204	49836192	SE	cporcellus			58																																									
SRR6326205	40577016	SE	cporcellus			58																																									
SRR6326206	45390145	SE	cporcellus			58																																									
SRR6326207	37824927	SE	cporcellus			58																																									
SRR6326208	43826110	SE	cporcellus			58																																									
SRR6326209	44308398	SE	cporcellus			58																																									
SRR6326210	40359423	SE	cporcellus			58																																									
SRR6326211	41660623	SE	cporcellus			58																																									
SRR17216517	79410065	PE	cporcellus			300																																									
SRR17216518	74245190	PE	cporcellus			300																																									
SRR17216519	61619797	PE	cporcellus			300																																									
SRR17216520	68374981	PE	cporcellus			300																																									
SRR17312283	32563871	PE	cporcellus			300																																									
SRR17312282	33972293	PE	cporcellus			300																																									
SRR17312281	31202940	PE	cporcellus			300																																									
SRR17312280	29784506	PE	cporcellus			300																																									
SRR17312279	34792587	PE	cporcellus			300																																									
SRR17312278	33459938	PE	cporcellus			300																																									
SRR22575416	7137741	SE	dmelanogaster			101																																									
SRR22456623	29703662	SE	dmelanogaster			50																																									
SRR22456622	27299466	SE	dmelanogaster			50																																									
SRR22254174	20362326	SE	dmelanogaster			50																																									
SRR22245477	21472797	SE	dmelanogaster			50																																									
SRR22244251	31620398	SE	dmelanogaster			50																																									
SRR21931491	2370021	SE	hsapiens			65																																									
SRR21931492	2334015	SE	hsapiens			65																																									
SRR21931493	2391082	SE	hsapiens			65																																									
SRR21931494	2367849	SE	hsapiens			65																																									
SRR23529108	31254111	PE	dmelanogaster			300																																									
SRR23529107	24461965	PE	dmelanogaster			300																																									
SRR23529106	30461511	PE	dmelanogaster			300																																									
SRR23529105	26625406	PE	dmelanogaster			300																																									
SRR23599331	31819594	PE	dmelanogaster			299																																									
SRR23599332	31565193	PE	dmelanogaster			299																																									
SRR23599333	30764931	PE	dmelanogaster			299																																									
SRR23814475	21690775	PE	dmelanogaster			300																																									
SRR23814474	24128622	PE	dmelanogaster			300																																									
SRR23814473	23208149	PE	dmelanogaster			300																																									
SRR20002714	35356988	SE	drerio			86																																									
SRR20002713	33666892	SE	drerio			86																																									
SRR20002712	38143704	SE	drerio			86																																									
SRR20002711	42751189	SE	drerio			86																																									
SRR20002710	33925613	SE	drerio			86																																									
SRR20002709	32637833	SE	drerio			86																																									
SRR20002708	33760395	SE	drerio			86																																									
SRR19571666	16119293	SE	drerio			101																																									
SRR19571665	15828316	SE	drerio			101																																									
SRR19571664	16729757	SE	drerio			101																																									
SRR23883666	52103348	PE	drerio			302																																									
SRR23883665	48248307	PE	drerio			302																																									
SRR23683742	24412465	PE	drerio			300																																									
SRR23683741	20535135	PE	drerio			300																																									
SRR23683740	22229370	PE	drerio			300																																									
SRR23312690	31801511	SE	drerio			150																																									
SRR23312689	30980265	SE	drerio			150																																									
SRR23312688	29986872	SE	drerio			150																																									
SRR23312687	30808665	SE	drerio			150																																									
SRR23312686	35004225	SE	drerio			150																																									
SRR21154288	34079424	PE	easinus			300																																									
SRR21154287	37575112	PE	easinus			300																																									
SRR21046752	64242807	PE	ecaballus			102																																									
SRR21046751	54942416	PE	ecaballus			102																																									
SRR21046750	62958337	PE	ecaballus			102																																									
SRR21046749	59673965	PE	ecaballus			102																																									
SRR21046748	53284162	PE	ecaballus			102																																									
SRR21121351	33761481	PE	easinus			302																																									
SRR20644626	29996324	PE	ecaballus			300																																									
SRR20644624	46114822	PE	ecaballus			300																																									
SRR20644623	31530849	PE	ecaballus			300																																									
SRR20644622	35987185	PE	ecaballus			300																																									
SRR19776627	915963	PE	ecaballus			589																																									
SRR19776628	408483	PE	ecaballus			600																																									
SRR19776629	1499997	PE	ecaballus			534																																									
SRR19776630	288611	PE	ecaballus			585																																									
SRR19373019	26112562	PE	ecaballus			100																																									
SRR19373018	27516643	PE	ecaballus			100																																									
SRR19373010	24059207	PE	ecaballus			100																																									
SRR19373009	31999317	PE	ecaballus			100																																									
SRR23907737	401980	PE	hsapiens			122																																									
SRR23907735	297083	PE	hsapiens			122																																									
SRR23907731	313940	PE	hsapiens			122																																									
SRR23907730	297852	PE	hsapiens			122																																									
SRR23907734	403967	PE	hsapiens			122																																									
SRR19995569	8313908	SE	mauratus			150																																									
SRR19995568	5909253	SE	mauratus			150																																									
SRR19995557	8904997	SE	mauratus			150																																									
SRR19995567	7478301	SE	mauratus			150																																									
SRR19995566	14543981	SE	mauratus			150																																									
SRR19206954	1436591	SE	mauratus			151																																									
SRR19206955	1431854	SE	mauratus			151																																									
SRR19206956	1445262	SE	mauratus			151																																									
SRR19206957	1452052	SE	mauratus			151																																									
SRR19206950	1673006	SE	mauratus			151																																									
SRR22582176	24596396	PE	mauratus			300																																									
SRR22582175	24725601	PE	mauratus			300																																									
SRR22582166	23604161	PE	mauratus			300																																									
SRR19206966	22688015	PE	mauratus			302																																									
SRR17216548	86079310	PE	mmmarmota			300																																									
SRR17216549	66557077	PE	mmmarmota			300																																									
SRR15065829	17198413	PE	mmmarmota			104																																									
SRR15065830	17743998	PE	mmmarmota			104																																									
SRR10172939	72613342	PE	mmmarmota			252																																									
SRR10172940	62895113	PE	mmmarmota			252																																									
SRR10172941	61376552	PE	mmmarmota			252																																									
SRR8196977	27211330	PE	mmmarmota			299																																									
SRR8196978	28019395	PE	mmmarmota			299																																									
SRR8196979	27053074	PE	mmmarmota			299																																									
SRR8196980	26855462	PE	mmmarmota			299																																									
SRR8196981	20616465	PE	mmmarmota			301																																									
SRR8196982	18439157	PE	mmmarmota			301																																									
SRR8196983	22493777	PE	mmmarmota			301																																									
SRR22988062	100144761	SE	mmulatta			75																																									
SRR22988061	52056700	SE	mmulatta			75																																									
SRR22988091	133029718	SE	mmulatta			75																																									
SRR22988090	75354791	SE	mmulatta			75																																									
SRR22988089	54892125	SE	mmulatta			75																																									
SRR22988088	64528369	SE	mmulatta			74																																									
SRR22988087	48030021	SE	mmulatta			75																																									
SRR22988086	48642876	SE	mmulatta			75																																									
SRR22988085	53735570	SE	mmulatta			75																																									
SRR22988084	44843441	SE	mmulatta			75																																									
SRR22507123	56658367	PE	mmulatta			300																																									
SRR22507126	50327257	PE	mmulatta			300																																									
SRR22507124	57710423	PE	mmulatta			300																																									
SRR22507125	56799419	PE	mmulatta			300																																									
SRR22507131	54419908	PE	mmulatta			300																																									
SRR23590082	22705195	SE	mmusculus			106																																									
SRR23590081	21054915	SE	mmusculus			106																																									
SRR23590080	26501380	SE	mmusculus			106																																									
SRR23590187	40043613	SE	mmusculus			106																																									
SRR23590186	36692546	SE	mmusculus			106																																									
SRR23590185	18939111	SE	mmusculus			106																																									
SRR23590184	14337626	SE	mmusculus			106																																									
SRR23590180	13387906	SE	mmusculus			106																																									
SRR23590181	11215768	SE	mmusculus			106																																									
SRR23590143	14523719	SE	mmusculus			106																																									
SRR23909044	20311566	PE	mmusculus			302																																									
SRR23909043	23338309	PE	mmusculus			302																																									
SRR23908696	22680871	PE	mmusculus			300																																									
SRR23908697	18819191	PE	mmusculus			300																																									
SRR23901890	36361848	PE	mmusculus			300																																									
SRR23901889	37550431	PE	mmusculus			300																																									
SRR23892259	68622994	PE	mmusculus			100																																									
SRR23892268	69059834	PE	mmusculus			100																																									
SRR23886315	35236484	PE	mmusculus			195																																									
SRR23886314	36757802	PE	mmusculus			198																																									
SRR14892479	4000000	SE	oaries			52																																									
SRR14892480	4000000	SE	oaries			52																																									
SRR14892481	4000000	SE	oaries			52																																									
SRR14892482	683407	SE	oaries			52																																									
SRR14892483	4000000	SE	oaries			52																																									
SRR14892484	4000000	SE	oaries			52																																									
SRR14892485	4000000	SE	oaries			52																																									
SRR14892486	4000000	SE	oaries			52																																									
SRR14892487	4000000	SE	oaries			52																																									
SRR14892488	935001	SE	oaries			52																																									
SRR23610771	20432708	PE	oaries			301																																									
SRR23610770	22245148	PE	oaries			299																																									
SRR23610769	26796685	PE	oaries			301																																									
SRR23610768	24372167	PE	oaries			301																																									
SRR23703246	22831163	PE	oaries			300																																									
SRR23703245	20640545	PE	oaries			300																																									
SRR23703234	25376570	PE	oaries			300																																									
SRR23385148	38051536	PE	oaries			289																																									
SRR23385147	49373479	PE	oaries			289																																									
SRR23385146	42692119	PE	oaries			293																																									
SRR22936321	23741788	PE	ocuniculus			300																																									
SRR22936320	23369682	PE	ocuniculus			300																																									
SRR23024981	15171590	PE	ocuniculus			86																																									
SRR23024980	19005749	PE	ocuniculus			86																																									
SRR23024979	21359524	PE	ocuniculus			86																																									
SRR22512941	23921205	PE	ocuniculus			302																																									
SRR22512942	22797602	PE	ocuniculus			302																																									
SRR22512937	26038077	PE	ocuniculus			302																																									
SRR22512938	22964651	PE	ocuniculus			302																																									
SRR22512939	25374881	PE	ocuniculus			302																																									
SRR21669557	34044446	PE	ocuniculus			300																																									
SRR21669556	33511802	PE	ocuniculus			300																																									
SRR21669555	39473919	PE	ocuniculus			300																																									
SRR21669554	33966621	PE	ocuniculus			300																																									
SRR21669610	34198783	PE	ocuniculus			300																																									
SRR21779424	27210940	PE	ocuniculus			300																																									
SRR21779423	24664639	PE	ocuniculus			300																																									
SRR21779422	28072783	PE	ocuniculus			300																																									
SRR21779421	24886591	PE	ocuniculus			300																																									
SRR21779420	21805957	PE	ocuniculus			300																																									
SRR15860192	32790309	PE	olatipes			286																																									
SRR15860191	25675559	PE	olatipes			293																																									
SRR15860194	30842169	PE	olatipes			288																																									
SRR15860193	27313777	PE	olatipes			293																																									
SRR16107363	30721562	PE	olatipes			300																																									
SRR16107362	21029297	PE	olatipes			300																																									
SRR16107361	21761603	PE	olatipes			300																																									
SRR16107360	20193615	PE	olatipes			300																																									
SRR16107359	24634071	PE	olatipes			300																																									
SRR16107364	20432258	PE	olatipes			300																																									
SRR15096512	65870145	PE	omelastigma			300																																									
SRR15096511	69833238	PE	omelastigma			300																																									
SRR15096510	44111586	PE	omelastigma			300																																									
SRR15096509	71062096	PE	omelastigma			300																																									
SRR15096508	66677678	PE	omelastigma			300																																									
SRR23678179	54749587	PE	osativa			274																																									
SRR23678178	63877368	PE	osativa			274																																									
SRR23678188	55970714	PE	osativa			274																																									
SRR23678184	57166259	PE	osativa			275																																									
SRR23678187	54870914	PE	osativa			275																																									
SRR23725308	20896090	PE	osativa			300																																									
SRR23725307	20922690	PE	osativa			300																																									
SRR23725306	23002709	PE	osativa			300																																									
SRR23725311	25155340	PE	osativa			300																																									
SRR23725310	23502937	PE	osativa			300																																									
SRR23725309	22226761	PE	osativa			300																																									
SRR23755144	23738883	PE	osativa			300																																									
SRR23755143	25143945	PE	osativa			300																																									
SRR23755142	26621198	PE	osativa			300																																									
SRR23755139	23026218	PE	osativa			300																																									
SRR23724474	9139673	SE	panubis			101																																									
SRR23724473	11430941	SE	panubis			101																																									
SRR23724472	10650024	SE	panubis			101																																									
SRR23724471	12623990	SE	panubis			101																																									
SRR23724470	11213900	SE	panubis			101																																									
SRR23724469	10508832	SE	panubis			101																																									
SRR23724468	11290525	SE	panubis			101																																									
SRR23724467	10786379	SE	panubis			101																																									
SRR11148849	17081143	PE	platipinna			200																																									
SRR11148848	13442308	PE	platipinna			200																																									
SRR11148847	17748228	PE	platipinna			200																																									
SRR11148845	12082098	PE	platipinna			200																																									
SRR10901764	11929426	PE	preticulata			200																																									
SRR10901806	9586136	PE	preticulata			200																																									
SRR10901775	8420466	PE	preticulata			200																																									
SRR10901786	13774947	PE	preticulata			200																																									
SRR10901787	12933210	PE	preticulata			200																																									
SRR10901788	9963591	PE	preticulata			200																																									
SRR10521939	45106624	PE	preticulata			252																																									
SRR10521938	25986416	PE	preticulata			252																																									
SRR10521949	23504168	PE	preticulata			252																																									
SRR10521930	50195444	PE	preticulata			252																																									
SRR10521919	97916926	PE	preticulata			252																																									
SRR10521941	30505828	PE	preticulata			252																																									
SRR9904894	20060773	PE	preticulata			202																																									
SRR9904900	21477324	PE	preticulata			202																																									
SRR9904898	19793298	PE	preticulata			202																																									
SRR9904902	22796472	PE	preticulata			202																																									
SRR18675584	5886321	SE	hsapiens			136																																									
SRR18675583	7344367	SE	hsapiens			137																																									
SRR18675582	5361108	SE	hsapiens			139																																									
SRR18675581	10672987	SE	hsapiens			135																																									
SRR18675580	12773671	SE	hsapiens			134																																									
SRR18675579	6168063	SE	hsapiens			141																																									
SRR18675578	6715716	SE	hsapiens			138																																									
SRR18675577	11378724	SE	hsapiens			135																																									
SRR18675576	5970543	SE	hsapiens			137																																									
SRR18675575	6760092	SE	hsapiens			137																																									
SRR22742541	5810057	PE	hsapiens			54																																									
SRR22742542	5889023	PE	hsapiens			54																																									
SRR22742529	5806509	PE	hsapiens			54																																									
SRR22742443	9451683	PE	hsapiens			54																																									
SRR22742444	9567788	PE	hsapiens			54																																									
SRR22742445	9315276	PE	hsapiens			54																																									
SRR22742446	9422923	PE	hsapiens			54																																									
SRR22742447	4754053	PE	hsapiens			54																																									
SRR22742448	4614196	PE	hsapiens			54																																									
SRR22742449	4678389	PE	hsapiens			54																																									
SRR18675565	10251261	SE	hsapiens			122																																									
SRR18675564	14848470	SE	hsapiens			130																																									
SRR18675623	16521849	SE	hsapiens			132																																									
SRR18675622	6993185	SE	hsapiens			139																																									
SRR18675621	7380574	SE	hsapiens			139																																									
SRR18675620	9019757	SE	hsapiens			122																																									
SRR18675619	4108318	SE	hsapiens			132																																									
SRR18675618	2617282	SE	hsapiens			132																																									
SRR18675617	27480053	SE	hsapiens			131																																									
SRR18675616	3812026	SE	hsapiens			136																																									
SRR22742540	5987341	PE	hsapiens			54																																									
SRR23557181	10150600	SE	rnorvegicus			101																																									
SRR23557180	12897616	SE	rnorvegicus			101																																									
SRR23557179	9333140	SE	rnorvegicus			101																																									
SRR23557178	8525722	SE	rnorvegicus			101																																									
SRR23423972	78604349	SE	rnorvegicus			50																																									
SRR23423971	65694628	SE	rnorvegicus			50																																									
SRR23423970	82100056	SE	rnorvegicus			50																																									
SRR23423969	73077751	SE	rnorvegicus			50																																									
SRR23423968	75862104	SE	rnorvegicus			50																																									
SRR23423967	88497451	SE	rnorvegicus			50																																									
SRR23713186	21545730	PE	rnorvegicus			296																																									
SRR23713185	18816132	PE	rnorvegicus			296																																									
SRR23713184	19460362	PE	rnorvegicus			296																																									
SRR23713183	20381763	PE	rnorvegicus			296																																									
SRR23713182	20110908	PE	rnorvegicus			296																																									
SRR23848114	15654625	PE	rnorvegicus			302																																									
SRR23848115	15491518	PE	rnorvegicus			302																																									
SRR23848116	15166143	PE	rnorvegicus			302																																									
SRR18487564	8753532	SE	scerevisiae			50																																									
SRR18487563	8988346	SE	scerevisiae			50																																									
SRR18487562	9067610	SE	scerevisiae			50																																									
SRR18487561	9091936	SE	scerevisiae			50																																									
SRR18487560	10498057	SE	scerevisiae			50																																									
SRR18487559	8470599	SE	scerevisiae			50																																									
SRR18487558	8873428	SE	scerevisiae			50																																									
SRR18487557	10900364	SE	scerevisiae			50																																									
SRR18487556	8058519	SE	scerevisiae			50																																									
SRR18487553	7988138	SE	scerevisiae			50																																									
SRR23054379	21271355	PE	scerevisiae			300																																									
SRR23054378	20397679	PE	scerevisiae			300																																									
SRR23054377	19752604	PE	scerevisiae			300																																									
SRR23054376	21681304	PE	scerevisiae			300																																									
SRR23054375	21799385	PE	scerevisiae			300																																									
SRR23054374	22655443	PE	scerevisiae			300																																									
SRR23054373	23598381	PE	scerevisiae			300																																									
SRR23054372	23460324	PE	scerevisiae			300																																									
SRR23054371	24203053	PE	scerevisiae			300																																									
SRR23054370	21656369	PE	scerevisiae			300																																									
SRR14512800	28005200	SE	spombe			50																																									
SRR14512801	23985929	SE	spombe			50																																									
SRR14512802	42237315	SE	spombe			50																																									
SRR14612776	42868440	SE	spombe			84																																									
SRR14612777	41534547	SE	spombe			84																																									
SRR14612778	42818232	SE	spombe			84																																									
SRR14612779	40278518	SE	spombe			84																																									
SRR14612780	41619033	SE	spombe			84																																									
SRR14612781	42880759	SE	spombe			84																																									
SRR14612782	39744994	SE	spombe			84																																									
SRR23873730	4224076	PE	spombe			202																																									
SRR23873731	5791820	PE	spombe			202																																									
SRR23873732	3449024	PE	spombe			202																																									
SRR21604386	24411936	PE	spombe			102																																									
SRR21604385	25771824	PE	spombe			102																																									
SRR21604384	21084627	PE	spombe			102																																									
SRR22207193	20235953	PE	spombe			302																																									
SRR22207192	22343768	PE	spombe			302																																									
SRR22207191	18464219	PE	spombe			302																																									
SRR22207189	21361396	PE	spombe			302																																									
SRR23610201	29405577	PE	sscrofa			302																																									
SRR23610200	23423331	PE	sscrofa			302																																									
SRR23610231	24183474	PE	sscrofa			302																																									
SRR23610230	24928114	PE	sscrofa			302																																									
SRR23610219	26872674	PE	sscrofa			302																																									
SRR23434985	19942958	PE	sscrofa			271																																									
SRR23434984	20225990	PE	sscrofa			273																																									
SRR23434983	21104352	PE	sscrofa			268																																									
SRR23434982	19565168	PE	sscrofa			273																																									
SRR23434981	21946304	PE	sscrofa			269																																									
SRR23329177	38332735	PE	sscrofa			202																																									
SRR23329178	35986255	PE	sscrofa			202																																									
SRR23330500	41916065	PE	sscrofa			302																																									
SRR23330499	39902690	PE	sscrofa			302																																									
SRR23330496	41178280	PE	sscrofa			302																																									
SRR12595073	12152424	PE	xmaculatus			202																																									
SRR12595074	14581134	PE	xmaculatus			202																																									
SRR12595075	14500975	PE	xmaculatus			202																																									
SRR12595076	8995579	PE	xmaculatus			202																																									
SRR12595077	12577741	PE	xmaculatus			202																																									
SRR11005232	14590125	PE	xmaculatus			241																																									
SRR11005231	13155883	PE	xmaculatus			243																																									
SRR11005230	17152286	PE	xmaculatus			243																																									
SRR11005229	14817858	PE	xmaculatus			243																																									
SRR11005237	15015613	PE	xmaculatus			243																																									
SRR6327081	20683056	PE	xmaculatus			120																																									
SRR6327082	25939496	PE	xmaculatus			202																																									
SRR6327083	30612865	PE	xmaculatus			202																																									
SRR6327084	26738592	PE	xmaculatus			202																																									
SRR6327085	27804665	PE	xmaculatus			202																																									
SRR18325096	22987087	SE	xtropicalis			50																																									
SRR18325095	24151926	SE	xtropicalis			50																																									
SRR18325094	30959831	SE	xtropicalis			50																																									
SRR18325093	22495221	SE	xtropicalis			50																																									
SRR18325092	24800744	SE	xtropicalis			50																																									
SRR18325091	21348442	SE	xtropicalis			75																																									
SRR18325090	22841092	SE	xtropicalis			75																																									
SRR18325089	20985456	SE	xtropicalis			75																																									
SRR18325088	21500635	SE	xtropicalis			75																																									
SRR18325087	22555328	SE	xtropicalis			75																																									
SRR23260339	20408936	PE	xtropicalis			300																																									
SRR23260344	20613389	PE	xtropicalis			300																																									
SRR23260343	19680760	PE	xtropicalis			300																																									
SRR23310623	57157403	PE	xtropicalis			150																																									
SRR23310622	54914248	PE	xtropicalis			150																																									
SRR22138510	4679531	PE	xtropicalis			202																																									
SRR22138511	4687439	PE	xtropicalis			202																																									
SRR22138528	7423013	PE	xtropicalis			202																																									
SRR22138529	7341068	PE	xtropicalis			202																																									
SRR22138522	8476494	PE	xtropicalis			202																																									
SRR20750629	10689494	SE	zmays			80																																									
SRR20750628	12615486	SE	zmays			80																																									
SRR20750627	11818739	SE	zmays			80																																									
SRR20750626	13135675	SE	zmays			80																																									
SRR20750625	12362590	SE	zmays			80																																									
SRR20330777	26995705	SE	zmays			100																																									
SRR20330766	33673716	SE	zmays			100																																									
SRR20330776	33535562	SE	zmays			100																																									
SRR20330775	32824615	SE	zmays			100																																									
SRR20330774	26717957	SE	zmays			100																																									
SRR22541757	35405951	PE	zmays			300																																									
SRR22541756	39950053	PE	zmays			300																																									
SRR22534042	23536820	PE	zmays			300																																									
SRR22534041	22722398	PE	zmays			300																																									
SRR22421315	30314440	PE	zmays			202																																									
SRR22421314	29079060	PE	zmays			202																																									
SRR22464726	22991413	PE	zmays			299																																									
SRR22464725	19417182	PE	zmays			299																																									
SRR17234924	37911248	PE	zmays			279																																									
SRR22116633	24168100	PE	zmays			300																																									
SRR24737271	36163878	PE	taestivum			125	125																																								
SRR24737272	27973627	PE	taestivum			125	125																																								
SRR24737273	28453331	PE	taestivum			125	125																																								
SRR24737274	33485646	PE	taestivum			125	125																																								
SRR24206403	16504100	SE	vvinifera			101																																									
SRR24206404	14549979	SE	vvinifera			101																																									
SRR24206405	17841869	SE	vvinifera			101																																									
SRR24206406	16466241	SE	vvinifera			101																																									
SRR24206407	16521800	SE	vvinifera			101																																									
SRR24206408	13719776	SE	vvinifera			101																																									
SRR30593553	22416015	PE	slycopersicum			150	150																																								
SRR30593554	20464896	PE	slycopersicum			150	150																																								
SRR10198548	10273939	SE	ssalar			101																																									
SRR10198549	12066255	SE	ssalar			101																																									
SRR10198550	14069921	SE	ssalar			101																																									
SRR7593431	13147766	SE	gmax			100																																									
SRR10198766	25098494	SE	gmax			100																																									
SRR28167600	4122232	SE	aaegypti			101																																									
SRR28167601	5971111	SE	aaegypti			101																																									
SRR6685970	30557883	SE	bnapus			101																																									
SRR6685971	33056121	SE	bnapus			101																																									
SRR6685972	33973042	SE	bnapus			101																																									
SRR6685973	67882242	SE	bnapus			101																																									
SRR6685974	70744894	SE	bnapus			101																																									
SRR6685975	71661524	SE	bnapus			101																																									
SRR6685976	75776510	SE	bnapus			101																																									
SRR6685977	68317798	SE	bnapus			101																																									
SRR6685978	60039381	SE	bnapus			101																																									
SRR6685979	66499824	SE	bnapus			101																																									
SRR22447585	5515442	SE	cjacchus			115																																									
SRR22447586	14448720	SE	cjacchus			115																																									
SRR22447588	23109040	SE	cjacchus			135																																									
SRR22447589	2779492	SE	cjacchus			135																																									
SRR22447590	2797079	SE	cjacchus			135																																									
SRR22447591	22454604	SE	cjacchus			135																																									
SRR22447592	15566780	SE	cjacchus			135																																									
SRR22447593	6577313	SE	cjacchus			135																																									
SRR22447594	18424999	SE	cjacchus			135																																									
SRR22447595	14751464	SE	cjacchus			135																																									
SRR22447596	58836638	SE	cjacchus			135																																									
SRR22447597	73828373	SE	cjacchus			135																																									
SRR22447598	5274351	SE	cjacchus			135																																									
SRR22447599	25636809	SE	cjacchus			135																																									
SRR22447600	5246717	SE	cjacchus			135																																									
SRR22447601	1814562	SE	cjacchus			135																																									
SRR22447602	26223972	SE	cjacchus			135																																									
SRR22447603	5688830	SE	cjacchus			135																																									
SRR22447604	36322400	SE	cjacchus			135																																									
SRR22447605	2102973	SE	cjacchus			135																																									
SRR28224857	20593914	SE	hsapiens			75																																									
SRR28224858	18693742	SE	hsapiens			75																																									
SRR28224859	24392930	SE	hsapiens			75																																									
SRR28224860	46238172	SE	hsapiens			75																																									
SRR28224861	22442179	SE	hsapiens			75																																									
SRR28224884	44790595	SE	hsapiens			75																																									
SRR28224885	7963708	SE	hsapiens			75																																									
SRR28224886	25805337	SE	hsapiens			75																																									
SRR28224870	46307880	SE	hsapiens			75																																									
SRR28224871	14271071	SE	hsapiens			75																																									
SRR28224872	33226081	SE	hsapiens			75																																									
SRR28224873	40996235	SE	hsapiens			75																																									
SRR28224874	19438964	SE	hsapiens			75																																									
SRR28224875	20669443	SE	hsapiens			75																																									
SRR28224876	52048392	SE	hsapiens			75																																									
SRR28224877	38725097	SE	hsapiens			75																																									
SRR28224878	26041039	SE	hsapiens			75																																									
SRR28224879	48333416	SE	hsapiens			75																																									
SRR28224880	35502007	SE	hsapiens			75																																									
SRR28224881	26463764	SE	hsapiens			75																																									
